CODIGO,DISTRITO,DEPARTAMENTO,MUNICIPIO,ESTABLECIMIENTO,DIRECCIÓN,TELEFONO,SUPERVISOR,DIRECTOR,NIVEL,SECTOR,AREA,STATUS,MODALIDAD,JORNADA,PLAN,DEPARTAMENTAL
18-01-0041-46,18-006,IZABAL,PUERTO BARRIOS,ESCUELA NACIÓNAL MIXTA DE CIENCIAS COMERCIALES DOMINGO JUARROS,14 CALLE Y 11 AVENIDA,79480444,CYNTHIA AZUCELLY BARRIENTOS LOPEZ,EDWIN NATALIO MARMOL LOAIZA,DIVERSIFICADO,OFICIAL,URBANA,ABIERTA,MONOLINGÜE,MATUTINA,DIARIO(REGULAR),IZABAL
18-01-0042-46,18-005,IZABAL,PUERTO BARRIOS,ESCUELA PARTICULAR MIXTA JUSTO RUFINO BARRIOS,8A AVENIDA ENTRE 17 Y 18 CALLES,79487032,ELENA ELIZABETH SUCHITE GARNICA DE QUINTANILLA,MARIO RENÉ JUÁREZ SALGUERO,DIVERSIFICADO,PRIVADO,URBANA,ABIERTA,MONOLINGÜE,VESPERTINA,DIARIO(REGULAR),IZABAL
18-01-0043-46,18-005,IZABAL,PUERTO BARRIOS,COLEGIO DE CIENCIAS DE LA COMPUTACIÓN,8A. AVENIDA Y 10A. CALLE,,ELENA ELIZABETH SUCHITE GARNICA DE QUINTANILLA,,DIVERSIFICADO,PRIVADO,URBANA,CERRADA TEMPORALMENTE,MONOLINGÜE,VESPERTINA,DIARIO(REGULAR),IZABAL
18-01-0045-46,18-005,IZABAL,PUERTO BARRIOS,COLEGIO PARTICULAR MIXTO CRISTO REY,10A CALLE ENTRE 8A Y 9A AVENIDAS,79488225,ELENA ELIZABETH SUCHITE GARNICA DE QUINTANILLA,ROSSANA ADALI PARHAM ROMERO,DIVERSIFICADO,PRIVADO,URBANA,ABIERTA,MONOLINGÜE,VESPERTINA,DIARIO(REGULAR),IZABAL
18-01-0073-46,18-005,IZABAL,PUERTO BARRIOS,COLEGIO TECNICO PRIVADO MIXTO LA PATRIA,"FRENTE A LA BOMBA DE AGUA, ALDEA ENTRE RIOS",79475263,ELENA ELIZABETH SUCHITE GARNICA DE QUINTANILLA,LUIS ALBERTO CARCAMO PEÑA,DIVERSIFICADO,PRIVADO,RURAL,ABIERTA,MONOLINGÜE,DOBLE,FIN DE SEMANA,IZABAL
18-01-0115-46,18-005,IZABAL,PUERTO BARRIOS,COLEGIO MIXTO EXPERIMENTAL EDUCARE,7A. CALLE 9A. AVENIDA,,ELENA ELIZABETH SUCHITE GARNICA DE QUINTANILLA,YOLANDA RIVAS MONROY,DIVERSIFICADO,PRIVADO,URBANA,CERRADA TEMPORALMENTE,MONOLINGÜE,MATUTINA,FIN DE SEMANA,IZABAL
18-01-0145-46,18-005,IZABAL,PUERTO BARRIOS,COLEGIO CRISTIANO PRIVADO MIXTO CRISTO VIENE,ALDEA ENTRE RIOS,40620273,ELENA ELIZABETH SUCHITE GARNICA DE QUINTANILLA,GRICELSA MAGALY LEMUS CALDERON,DIVERSIFICADO,PRIVADO,RURAL,ABIERTA,MONOLINGÜE,VESPERTINA,DIARIO(REGULAR),IZABAL
18-01-0153-46,18-005,IZABAL,PUERTO BARRIOS,INSTITUTO PRIVADO MIXTO DE EDUCACIÓN BASICA Y BACHILLERATO POR MADUREZ EL PORVENIR,15 CALLE ENTRE 7A. Y 8A. AVENIDA,58055529,ELENA ELIZABETH SUCHITE GARNICA DE QUINTANILLA,CARLOS ARTURO PALENCIA RIVAS,DIVERSIFICADO,PRIVADO,URBANA,ABIERTA,MONOLINGÜE,DOBLE,FIN DE SEMANA,IZABAL
18-01-0156-46,18-005,IZABAL,PUERTO BARRIOS,ESCUELA PARTICULAR MIXTA JUSTO RUFINO BARRIOS,8A. AVENIDA Y 17 CALLE,79487032,ELENA ELIZABETH SUCHITE GARNICA DE QUINTANILLA,ROSA VICTORIA LEONARDO WELCHES,DIVERSIFICADO,PRIVADO,URBANA,ABIERTA,MONOLINGÜE,DOBLE,FIN DE SEMANA,IZABAL
18-01-0158-46,18-005,IZABAL,PUERTO BARRIOS,COLEGIO PARTICULAR MIXTO PIEDRAS NEGRAS,"COLONIA PIEDRAS NEGRAS, SANTO TOMAS DE CASTILLA",79453597,ELENA ELIZABETH SUCHITE GARNICA DE QUINTANILLA,LASTENIA CARIAS SAMAYOA,DIVERSIFICADO,PRIVADO,RURAL,ABIERTA,MONOLINGÜE,VESPERTINA,DIARIO(REGULAR),IZABAL
18-01-0162-46,18-005,IZABAL,PUERTO BARRIOS,COLEGIO PARTICULAR MIXTO PIEDRAS NEGRAS,"COLONIA PIEDRAS NEGRAS, SANTO TOMÁS DE CASTILLA",7948439141051885,ELENA ELIZABETH SUCHITE GARNICA DE QUINTANILLA,LASTENIA CARIAS SAMAYOA,DIVERSIFICADO,PRIVADO,RURAL,ABIERTA,MONOLINGÜE,DOBLE,FIN DE SEMANA,IZABAL
18-01-0164-46,18-005,IZABAL,PUERTO BARRIOS,LICEO TECNICO GUATEMALTECO IDETI,ALDEA PLACA NO. 1,57843058,ELENA ELIZABETH SUCHITE GARNICA DE QUINTANILLA,LAURA PATRICIA VALDEZ SALGUERO,DIVERSIFICADO,PRIVADO,RURAL,ABIERTA,MONOLINGÜE,VESPERTINA,DIARIO(REGULAR),IZABAL
18-01-0167-46,18-005,IZABAL,PUERTO BARRIOS,COLEGIO CRISTIANO MARANATHA,7A. AVENIDA ENTRE 16A. Y 17A. CALLES,79429163,ELENA ELIZABETH SUCHITE GARNICA DE QUINTANILLA,MARIA OSORIO DE QUINTO,DIVERSIFICADO,PRIVADO,URBANA,CERRADA TEMPORALMENTE,MONOLINGÜE,DOBLE,FIN DE SEMANA,IZABAL
18-01-0168-46,18-005,IZABAL,PUERTO BARRIOS,COLEGIO CRISTIANO MARANATHA,7A. AVENIDA ENTRE 16A. Y 17A. CALLES,79429136,ELENA ELIZABETH SUCHITE GARNICA DE QUINTANILLA,MARIA OSORIO DE QUINTO,DIVERSIFICADO,PRIVADO,URBANA,ABIERTA,MONOLINGÜE,VESPERTINA,DIARIO(REGULAR),IZABAL
18-01-0173-46,18-006,IZABAL,PUERTO BARRIOS,INSTITUTO NACIÓNAL DE EDUCACIÓN DIVERSIFICADA,COLONIA SAN MANUEL,41237549,CYNTHIA AZUCELLY BARRIENTOS LOPEZ,ELIA ERSELI FRANCO CALDERON,DIVERSIFICADO,OFICIAL,RURAL,ABIERTA,MONOLINGÜE,MATUTINA,DIARIO(REGULAR),IZABAL
18-01-0174-46,18-006,IZABAL,PUERTO BARRIOS,INSTITUTO NACIÓNAL DE EDUCACIÓN DIVERSIFICADA,COLONIA MARIA LUISA I,79484363,CYNTHIA AZUCELLY BARRIENTOS LOPEZ,ROSA ORFILIA ESQUIVEL AVILA DE GUZMAN,DIVERSIFICADO,OFICIAL,RURAL,ABIERTA,MONOLINGÜE,VESPERTINA,DIARIO(REGULAR),IZABAL
18-01-0182-46,18-005,IZABAL,PUERTO BARRIOS,INSTITUTO PARTICULAR MIXTO DESARROLLO Y CIENCIA,14 CALLE ENTRE 11 AVENIDA,79486407,ELENA ELIZABETH SUCHITE GARNICA DE QUINTANILLA,EDGAR ROMEO MARTINEZ CACERES,DIVERSIFICADO,PRIVADO,URBANA,ABIERTA,MONOLINGÜE,DOBLE,FIN DE SEMANA,IZABAL
18-01-0200-46,18-005,IZABAL,PUERTO BARRIOS,INSTITUTO PREUNIVERSITARIO DE IZABAL PREU,COLONIA SAN CRISTOBAL ENTRE RIOS,49026498,ELENA ELIZABETH SUCHITE GARNICA DE QUINTANILLA,FREDY ANTONIO FLORES LOPEZ,DIVERSIFICADO,PRIVADO,URBANA,ABIERTA,MONOLINGÜE,DOBLE,FIN DE SEMANA,IZABAL
18-01-0203-46,18-005,IZABAL,PUERTO BARRIOS,INSTITUTO PREUNIVERSITARIO DE IZABAL PREU,COLONIA SAN CRISTOBAL ENTRE RIOS,57864086,ELENA ELIZABETH SUCHITE GARNICA DE QUINTANILLA,FREDY ANTONIO FLORES LOPEZ,DIVERSIFICADO,PRIVADO,URBANA,CERRADA TEMPORALMENTE,MONOLINGÜE,MATUTINA,DIARIO(REGULAR),IZABAL
18-01-0205-46,18-005,IZABAL,PUERTO BARRIOS,INSTITUTO PREUNIVERSITARIO DE IZABAL PREU,COLONIA SAN CRISTOBAL ENTRE RIOS,49026498,ELENA ELIZABETH SUCHITE GARNICA DE QUINTANILLA,FREDY ANTONIO FLORES LOPEZ,DIVERSIFICADO,PRIVADO,URBANA,ABIERTA,MONOLINGÜE,VESPERTINA,DIARIO(REGULAR),IZABAL
18-01-0206-46,18-005,IZABAL,PUERTO BARRIOS,CENTRO EDUCATIVO LICEO CENTROAMERICANO,5A.CALLE ENTRE 3A. Y 4A. AVENIDA,47193485,ELENA ELIZABETH SUCHITE GARNICA DE QUINTANILLA,WALTER DANILO MONTERROSO JIMENEZ,DIVERSIFICADO,PRIVADO,URBANA,ABIERTA,MONOLINGÜE,VESPERTINA,DIARIO(REGULAR),IZABAL
18-01-0209-46,18-005,IZABAL,PUERTO BARRIOS,CENTRO EDUCATIVO LICEO CENTROAMERICANO,5A.CALLE ENTRE 3A. Y 4A. AVENIDA,47193485,ELENA ELIZABETH SUCHITE GARNICA DE QUINTANILLA,WALTER DANILO MONTERROSO JIMENEZ,DIVERSIFICADO,PRIVADO,URBANA,ABIERTA,MONOLINGÜE,DOBLE,FIN DE SEMANA,IZABAL
18-01-0211-46,18-005,IZABAL,PUERTO BARRIOS,COLEGIO CRISTIANO PRIVADO MIXTO CRISTO VIENE,ALDEA ENTRE RIOS,79475041,ELENA ELIZABETH SUCHITE GARNICA DE QUINTANILLA,GRICELDA MAGALY LEMUS CALDERON,DIVERSIFICADO,PRIVADO,RURAL,ABIERTA,MONOLINGÜE,DOBLE,FIN DE SEMANA,IZABAL
18-01-0218-46,18-005,IZABAL,PUERTO BARRIOS,CENTRO EDUCATIVO CONCEPCIÓN DE MARIA,"COLONIA 15 DE ABRIL, SANTO TOMAS DE CASTILLA",79484943,ELENA ELIZABETH SUCHITE GARNICA DE QUINTANILLA,MIGUEL SALAZAR PEREZ,DIVERSIFICADO,PRIVADO,RURAL,CERRADA TEMPORALMENTE,MONOLINGÜE,VESPERTINA,DIARIO(REGULAR),IZABAL
18-01-0221-46,18-005,IZABAL,PUERTO BARRIOS,CENTRO EDUCATIVO CONCEPCIÓN DE MARIA,"COLONIA 15 DE ABRIL, SANTO TOMAS DE CASTILLA",79484943,ELENA ELIZABETH SUCHITE GARNICA DE QUINTANILLA,MIGUEL SALAZAR PEREZ,DIVERSIFICADO,PRIVADO,RURAL,CERRADA TEMPORALMENTE,MONOLINGÜE,MATUTINA,DIARIO(REGULAR),IZABAL
18-01-0232-46,18-005,IZABAL,PUERTO BARRIOS,CENTRO EDUCATIVO CONCEPCIÓN DE MARIA,"COLONIA 15 DE ABRIL, SANTO TOMAS DE CASTILLA",79484943,ELENA ELIZABETH SUCHITE GARNICA DE QUINTANILLA,EVELYN MARILU FRANCO ALDANA DE CHUPINA,DIVERSIFICADO,PRIVADO,RURAL,ABIERTA,MONOLINGÜE,DOBLE,FIN DE SEMANA,IZABAL
18-01-0234-46,18-005,IZABAL,PUERTO BARRIOS,LICEO EDUCACIÓNAL INTERACTIVO LEI,12 AV. 10 Y 11 CALLE,42238214,ELENA ELIZABETH SUCHITE GARNICA DE QUINTANILLA,ERWIN FERNANDO GUZMAN OVALLE,DIVERSIFICADO,PRIVADO,URBANA,CERRADA TEMPORALMENTE,MONOLINGÜE,VESPERTINA,DIARIO(REGULAR),IZABAL
18-01-0237-46,18-005,IZABAL,PUERTO BARRIOS,LICEO TECNICO GUATEMALTECO IDETI,ALDEA LA PLACA NO. 1,45022811,ELENA ELIZABETH SUCHITE GARNICA DE QUINTANILLA,JACOBO AREVALO MEDINA,DIVERSIFICADO,PRIVADO,RURAL,CERRADA TEMPORALMENTE,MONOLINGÜE,DOBLE,FIN DE SEMANA,IZABAL
18-01-0238-46,18-006,IZABAL,PUERTO BARRIOS,INSTITUTO OFICIAL DE EDUCACIÓN BASICA Y BACHILLERATO EN CIENCIAS Y LETRAS POR MADUREZ TIERRA DE DIOS,INTERIOR CENTRO DE REHABILITACIÓN,79480495,CYNTHIA AZUCELLY BARRIENTOS LOPEZ,BRENDA ZULY YATZ MEJIA,DIVERSIFICADO,OFICIAL,URBANA,ABIERTA,MONOLINGÜE,MATUTINA,DIARIO(REGULAR),IZABAL
18-01-0242-46,18-005,IZABAL,PUERTO BARRIOS,INSTITUTO PARTICULAR MIXTO JOSE MARIA BONILLA RUANO,19 CALLE 14 AVENIDAS,53108367,ELENA ELIZABETH SUCHITE GARNICA DE QUINTANILLA,GUSTAVO GUMERCINDO RODAS MAZARIEGOS,DIVERSIFICADO,PRIVADO,URBANA,ABIERTA,MONOLINGÜE,DOBLE,FIN DE SEMANA,IZABAL
18-01-0246-46,18-005,IZABAL,PUERTO BARRIOS,COLEGIO PARTICULAR MIXTO SHADDAI,"COLONIA SAN AGUSTIN, DE SANTO TOMAS DE CASTILLA",79453430,ELENA ELIZABETH SUCHITE GARNICA DE QUINTANILLA,HERLINDO ARTIGA MARROQUIN,DIVERSIFICADO,PRIVADO,RURAL,ABIERTA,MONOLINGÜE,VESPERTINA,DIARIO(REGULAR),IZABAL
18-01-0254-46,18-005,IZABAL,PUERTO BARRIOS,INSTITUTO MIXTO INTEGRAL MARIA CHINCHILLA,4A. AVENIDA ENTRE 12 Y 13 CALLES,44641742,ELENA ELIZABETH SUCHITE GARNICA DE QUINTANILLA,WALTER FRANCISCO LOPEZ TOBAR,DIVERSIFICADO,PRIVADO,URBANA,CERRADA TEMPORALMENTE,MONOLINGÜE,DOBLE,FIN DE SEMANA,IZABAL
18-01-0264-46,18-005,IZABAL,PUERTO BARRIOS,LICEO EDUCACIÓNAL MIXTO CRISTIANO VIDA NUEVA,13 AV. ENTRE 14 Y 15 CALLES,54454685,ELENA ELIZABETH SUCHITE GARNICA DE QUINTANILLA,SANDRA LILIANA MAYORGA PEREZ DE COTTO,DIVERSIFICADO,PRIVADO,URBANA,CERRADA TEMPORALMENTE,MONOLINGÜE,DOBLE,SABATINO,IZABAL
18-01-0277-46,18-005,IZABAL,PUERTO BARRIOS,INSTITUTO DE EDUCACIÓN BASICA Y BACHILLERATO POR MADUREZ EMPORNAC,ZONA URBANIZADA PUERTO SANTO TOMAS DE CASTILLA,77204040,ELENA ELIZABETH SUCHITE GARNICA DE QUINTANILLA,SERGIO GIRON PINALES,DIVERSIFICADO,PRIVADO,URBANA,CERRADA TEMPORALMENTE,MONOLINGÜE,DOBLE,DIARIO(REGULAR),IZABAL
18-01-0284-46,18-005,IZABAL,PUERTO BARRIOS,LICEO EDUCATIVO DE FORMACIÓN INTEGRAL FUENTE DE VIDA,CASERIO COLINA II DE SANTO TOMAS DE CASTILLA,50218402,ELENA ELIZABETH SUCHITE GARNICA DE QUINTANILLA,HEIDI YESENIA VASQUEZ MORALES,DIVERSIFICADO,PRIVADO,RURAL,ABIERTA,MONOLINGÜE,DOBLE,FIN DE SEMANA,IZABAL
18-01-0286-46,18-005,IZABAL,PUERTO BARRIOS,COLEGIO PARTICULAR MIXTO MATIAS DE GALVEZ,COLONIA PIEDRAS NEGRAS,50157184,ELENA ELIZABETH SUCHITE GARNICA DE QUINTANILLA,MARIA MAGDALENA SUCHITE GARNICA,DIVERSIFICADO,PRIVADO,RURAL,CERRADA TEMPORALMENTE,MONOLINGÜE,VESPERTINA,DIARIO(REGULAR),IZABAL
18-01-0291-46,18-005,IZABAL,PUERTO BARRIOS,INSTITUTO DE FORMACIÓN TECNOLOGICO PORTEÑO INFOTECPO,12 AVENIDA ENTRE 12 Y 13 CALLES,79524625,ELENA ELIZABETH SUCHITE GARNICA DE QUINTANILLA,SILVIA LETICIA LEMUS,DIVERSIFICADO,PRIVADO,URBANA,CERRADA TEMPORALMENTE,MONOLINGÜE,VESPERTINA,DIARIO(REGULAR),IZABAL
18-01-0292-46,18-005,IZABAL,PUERTO BARRIOS,INSTITUTO DE FORMACIÓN TECNOLOGICO PORTEÑO INFOTECPO,12 AVENIDA ENTRE 12 Y 13 CALLES,79524625,ELENA ELIZABETH SUCHITE GARNICA DE QUINTANILLA,SILVIA LETICIA LEMUS,DIVERSIFICADO,PRIVADO,URBANA,CERRADA TEMPORALMENTE,MONOLINGÜE,NOCTURNA,DIARIO(REGULAR),IZABAL
18-01-0300-46,18-036,IZABAL,PUERTO BARRIOS,"INSTITUTO TECNICO DE CAPACITACIÓN Y PRODUCTIVIDAD, INTECAP",SANTO TOMAS DE CASTILLA,79483012,DANY ARELY IBARRA MEJIA,NORA EUGENIA DIAZ DIAZ,DIVERSIFICADO,PRIVADO,RURAL,ABIERTA,MONOLINGÜE,MATUTINA,DIARIO(REGULAR),IZABAL
18-01-0305-46,18-005,IZABAL,PUERTO BARRIOS,INSTITUTO INTERCULTURAL MIXTO KATOK WINAQ,21 CALLE 14 AVENIDA,7948643379480166,ELENA ELIZABETH SUCHITE GARNICA DE QUINTANILLA,CINTHYA MARIBEL DIAZ ALDANA DE LINARES,DIVERSIFICADO,PRIVADO,URBANA,CERRADA TEMPORALMENTE,MONOLINGÜE,DOBLE,FIN DE SEMANA,IZABAL
18-01-0313-46,18-005,IZABAL,PUERTO BARRIOS,COLEGIO MIXTO BILINGÜE QUETZALLI,"3A. CALLE 15A. AVENIDA, COLONIA LAS FLORES, SANTO TOMAS DE CASTILLA",79600197,ELENA ELIZABETH SUCHITE GARNICA DE QUINTANILLA,JUAN CARLOS LUCERO ALVARADO,DIVERSIFICADO,PRIVADO,RURAL,ABIERTA,MONOLINGÜE,MATUTINA,DIARIO(REGULAR),IZABAL
18-01-0317-46,18-006,IZABAL,PUERTO BARRIOS,INSTITUTO NACIÓNAL DE EDUCACIÓN DIVERSIFICADA INED,ALDEA SANTO TOMAS DE CASTILLA,41568056,CYNTHIA AZUCELLY BARRIENTOS LOPEZ,HUGO RANDOLFO BARRIENTOS MENDEZ,DIVERSIFICADO,OFICIAL,RURAL,ABIERTA,MONOLINGÜE,VESPERTINA,DIARIO(REGULAR),IZABAL
18-01-0320-46,18-005,IZABAL,PUERTO BARRIOS,COLEGIO PARTICULAR MIXTO MATÍAS DE GÁLVEZ,"COLONIA PIEDRAS NEGRAS, ALDEA SANTO TOMÁS DE CASTILLA",77600249,ELENA ELIZABETH SUCHITE GARNICA DE QUINTANILLA,MARIA MAGDALENA SÚCHITE GARNICA,DIVERSIFICADO,PRIVADO,RURAL,ABIERTA,MONOLINGÜE,DOBLE,FIN DE SEMANA,IZABAL
18-01-0325-46,18-005,IZABAL,PUERTO BARRIOS,INSTITUTO PARTICULAR MIXTO EL DIVINO MAESTRO,BARRIO EL PUEBLITO ALDEA SANTO TOMAS DE CASTILLA,79484009,ELENA ELIZABETH SUCHITE GARNICA DE QUINTANILLA,MANUEL DE JESÚS SAGASTUME CASASOLA,DIVERSIFICADO,PRIVADO,RURAL,ABIERTA,MONOLINGÜE,DOBLE,FIN DE SEMANA,IZABAL
18-01-0326-46,18-005,IZABAL,PUERTO BARRIOS,COLEGIO LUTERANO CRISTO EL SALVADOR,4A. AVENIDA 12-13 CALLES,79488357,ELENA ELIZABETH SUCHITE GARNICA DE QUINTANILLA,RICARDO AUGUSTO CASASOLA ANLEU,DIVERSIFICADO,PRIVADO,URBANA,ABIERTA,MONOLINGÜE,VESPERTINA,DIARIO(REGULAR),IZABAL
18-01-0327-46,18-005,IZABAL,PUERTO BARRIOS,COLEGIO PRIVADO MIXTO ECOLOGICO CAMPO Y VIDA,ALDEA AGUA CALIENTE,7960087046007362,ELENA ELIZABETH SUCHITE GARNICA DE QUINTANILLA,SHAWNY YUBITZA GISELL PEÑA AGUSTIN,DIVERSIFICADO,PRIVADO,RURAL,ABIERTA,MONOLINGÜE,MATUTINA,DIARIO(REGULAR),IZABAL
18-01-0337-46,18-006,IZABAL,PUERTO BARRIOS,INED PROF. HUGO LEONEL SANCÉ CETINO,21 CALLE 5A. Y 6A. AVENIDAS,54667746,CYNTHIA AZUCELLY BARRIENTOS LOPEZ,HUGO LEONEL SANCÉ CETINO,DIVERSIFICADO,OFICIAL,URBANA,ABIERTA,MONOLINGÜE,VESPERTINA,DIARIO(REGULAR),IZABAL
18-01-0339-46,18-005,IZABAL,PUERTO BARRIOS,LICEO MIXTO BILINGÜE CANADIENSE,7A. CALLE ENTRE 6A. Y 7A. AVENIDAS,79480085,ELENA ELIZABETH SUCHITE GARNICA DE QUINTANILLA,WILMER EZEQUIEL MONGE MARTINEZ,DIVERSIFICADO,PRIVADO,URBANA,CERRADA TEMPORALMENTE,MONOLINGÜE,VESPERTINA,DIARIO(REGULAR),IZABAL
18-01-0340-46,18-005,IZABAL,PUERTO BARRIOS,LICEO MIXTO BILINGÜE CANADIENSE,7A. CALLE ENTRE 6A. Y 7A. AVENIDAS,79480085,ELENA ELIZABETH SUCHITE GARNICA DE QUINTANILLA,WILMER EZEQUIEL MONGE MARTINEZ,DIVERSIFICADO,PRIVADO,URBANA,CERRADA TEMPORALMENTE,MONOLINGÜE,MATUTINA,DIARIO(REGULAR),IZABAL
18-01-0343-46,18-005,IZABAL,PUERTO BARRIOS,LICEO MIXTO BILINGÜE CANADIENSE,7A. CALLE ENTRE 6A. Y 7A. AVENIDAS,79480085,ELENA ELIZABETH SUCHITE GARNICA DE QUINTANILLA,WILMER EZEQUIEL MONGE MARTINEZ,DIVERSIFICADO,PRIVADO,URBANA,ABIERTA,MONOLINGÜE,DOBLE,FIN DE SEMANA,IZABAL
18-01-0344-46,18-005,IZABAL,PUERTO BARRIOS,LICEO MIXTO BINLINGÜE CANADIENSE,7A. CALLE ENTRE 6A. Y 7A. AVENIDAS,79480085,ELENA ELIZABETH SUCHITE GARNICA DE QUINTANILLA,WILMER EZEQUIEL MONGE MARTINEZ,DIVERSIFICADO,PRIVADO,URBANA,ABIERTA,MONOLINGÜE,DOBLE,FIN DE SEMANA,IZABAL
18-01-0350-46,18-005,IZABAL,PUERTO BARRIOS,COLEGIO TECNICO PRIVADO MIXTO SAN JOSE,ALDEA MEDIA LUNA,41558965,ELENA ELIZABETH SUCHITE GARNICA DE QUINTANILLA,LUIS ALBERTO CARCAMO PEÑA,DIVERSIFICADO,PRIVADO,RURAL,CERRADA TEMPORALMENTE,MONOLINGÜE,DOBLE,FIN DE SEMANA,IZABAL
18-01-0352-46,18-005,IZABAL,PUERTO BARRIOS,LICEO EDUCATIVO DE FORMACIÓN INTEGRAL FUENTE DE VIDA,"CASERIO COLINA II, ALDEA SANTO TOMAS DE CASTILLA",50218402,ELENA ELIZABETH SUCHITE GARNICA DE QUINTANILLA,HEIDI YESENIA VASQUEZ MORALES,DIVERSIFICADO,PRIVADO,RURAL,ABIERTA,MONOLINGÜE,VESPERTINA,DIARIO(REGULAR),IZABAL
18-01-0356-46,18-005,IZABAL,PUERTO BARRIOS,COLEGIO PRIVADO MIXTO SAN JOSE,"BARRIO EL PUEBLITO, SANTO TOMAS DE CASTILLA",79484877,ELENA ELIZABETH SUCHITE GARNICA DE QUINTANILLA,LESVIA LINETH CARDONA NOVA DE SANDOVAL,DIVERSIFICADO,PRIVADO,RURAL,ABIERTA,MONOLINGÜE,VESPERTINA,DIARIO(REGULAR),IZABAL
18-01-0358-46,18-005,IZABAL,PUERTO BARRIOS,COLEGIO MIXTO BILINGÜE QUETZALLI,"3A. CALLE Y 15 AVENIDA, COLONIA LAS FLORES, SANTO TOMAS DE CASTILLA",79600197,ELENA ELIZABETH SUCHITE GARNICA DE QUINTANILLA,JUAN CARLOS LUCERO ALVARADO,DIVERSIFICADO,PRIVADO,RURAL,ABIERTA,MONOLINGÜE,DOBLE,FIN DE SEMANA,IZABAL
18-01-0359-46,18-005,IZABAL,PUERTO BARRIOS,COLEGIO PARTICULAR MIXTO MIGUEL ANGEL ASTURIAS,11 CALLE ENTRE 10 Y 11 AVENIDAS,79481153,ELENA ELIZABETH SUCHITE GARNICA DE QUINTANILLA,DINA ESPERANZA MEJIA HERNANDEZ,DIVERSIFICADO,PRIVADO,URBANA,ABIERTA,MONOLINGÜE,DOBLE,FIN DE SEMANA,IZABAL
18-01-0365-46,18-005,IZABAL,PUERTO BARRIOS,LICEO DR. LUIS VON AHN,12 AVENIDA ENTRE 10 Y 11 CALLES,5843105979524680,ELENA ELIZABETH SUCHITE GARNICA DE QUINTANILLA,JOSE FRANCISCO ALFARO PAZ,DIVERSIFICADO,PRIVADO,URBANA,ABIERTA,MONOLINGÜE,VESPERTINA,DIARIO(REGULAR),IZABAL
18-01-0368-46,18-005,IZABAL,PUERTO BARRIOS,COLEGIO CRISTIANO MIXTO BILINGÜE MI DULCE PARAISO,"4A, CALLE 15 AVENIDA, COLONIA SAN AGUSTIN, ALDEA SANTO TOMAS DE CASTILLA",79524378,ELENA ELIZABETH SUCHITE GARNICA DE QUINTANILLA,MAGGIE SHAUNNY MAHLI MUÑOZ SALGUERO,DIVERSIFICADO,PRIVADO,RURAL,ABIERTA,MONOLINGÜE,VESPERTINA,DIARIO(REGULAR),IZABAL
18-01-0369-46,18-005,IZABAL,PUERTO BARRIOS,COLEGIO BILINGÜE ABC,13 CALLE 5A. Y 6A.,79429590,ELENA ELIZABETH SUCHITE GARNICA DE QUINTANILLA,DORA LETICIA CARDONA DE LA CRUZ,DIVERSIFICADO,PRIVADO,URBANA,ABIERTA,MONOLINGÜE,DOBLE,DIARIO(REGULAR),IZABAL
18-01-0376-46,18-005,IZABAL,PUERTO BARRIOS,INSTITUTO PARTICULAR MIXTO ADONAI,CASERIO LA REFINERIA,54837080,ELENA ELIZABETH SUCHITE GARNICA DE QUINTANILLA,SANDRA PATRICIA LOPEZ JORDAN,DIVERSIFICADO,PRIVADO,URBANA,ABIERTA,MONOLINGÜE,DOBLE,FIN DE SEMANA,IZABAL
18-01-0379-46,18-005,IZABAL,PUERTO BARRIOS,LICEO TECNICO VOCACIÓNAL MAYA,22 CALLE 7A. Y 8A. AVENIDA,79481614,ELENA ELIZABETH SUCHITE GARNICA DE QUINTANILLA,PERLA AMY ONDRA FORBES NICHOLAS,DIVERSIFICADO,PRIVADO,URBANA,ABIERTA,MONOLINGÜE,DOBLE,FIN DE SEMANA,IZABAL
18-01-0380-46,18-006,IZABAL,PUERTO BARRIOS,ESCUELA TECNICA DE FORMACIÓN Y CAPACITACIÓN DE DESARROLLOS HOTELEROS INTERNATIONAL,FINCA PICHILINGO,79311231,CYNTHIA AZUCELLY BARRIENTOS LOPEZ,BRIANDA CAROLINA MIRANDA FAJARDO,DIVERSIFICADO,PRIVADO,URBANA,ABIERTA,MONOLINGÜE,DOBLE,FIN DE SEMANA,IZABAL
18-01-0385-46,18-005,IZABAL,PUERTO BARRIOS,COLEGIO PARTICULAR MIXTO RAFAEL ALVAREZ OVALLE,ALDEA EL COROZO MILLA 4,53444994,ELENA ELIZABETH SUCHITE GARNICA DE QUINTANILLA,HEIDY ALEJANDRA ALDANA LOPEZ,DIVERSIFICADO,PRIVADO,RURAL,ABIERTA,MONOLINGÜE,DOBLE,FIN DE SEMANA,IZABAL
18-01-0394-46,18-005,IZABAL,PUERTO BARRIOS,LICEO DR. LUIS VON AHN,12 AVENIDA ENTRE 10 Y 11 CALLES,79480009,ELENA ELIZABETH SUCHITE GARNICA DE QUINTANILLA,JOSE FRANCISCO ALFARO PAZ,DIVERSIFICADO,PRIVADO,URBANA,ABIERTA,MONOLINGÜE,DOBLE,FIN DE SEMANA,IZABAL
18-01-0400-46,18-005,IZABAL,PUERTO BARRIOS,CENTRO EDUCATIVO DE FORMACIÓN INTEGRAL SAN MARTÍN DE PORRES,5A AVENIDA ENTRE 3A. Y 4A. CALLES,41542920,ELENA ELIZABETH SUCHITE GARNICA DE QUINTANILLA,GUSTAVO ADOLFO BATRES ESPINOZA,DIVERSIFICADO,PRIVADO,URBANA,ABIERTA,MONOLINGÜE,DOBLE,FIN DE SEMANA,IZABAL
18-01-0402-46,18-036,IZABAL,PUERTO BARRIOS,CENTRO DE DESARROLLO HUMANO TECNOLOGICO ASOCIACIÓN GRUPO CEIBA,"COLONIA SAN AGUSTIN, ALDEA SANTO TOMAS DE CASTILLA",57175702,DANY ARELY IBARRA MEJIA,MARIA DEL CARMEN URIZAR CATALAN,DIVERSIFICADO,PRIVADO,RURAL,ABIERTA,MONOLINGÜE,DOBLE,FIN DE SEMANA,IZABAL
18-01-0657-46,18-005,IZABAL,PUERTO BARRIOS,INSTITUTO PRIVADO MIXTO DE EDUCACIÓN DIVERSIFICADA LICEO MONTESSORI JV,12 AVENIDA ENTRE 10 Y 11 CALLES,79480774,ELENA ELIZABETH SUCHITE GARNICA DE QUINTANILLA,MIGUEL DANILO MONTERROSO,DIVERSIFICADO,PRIVADO,URBANA,CERRADA TEMPORALMENTE,MONOLINGÜE,VESPERTINA,DIARIO(REGULAR),IZABAL
18-01-0658-46,18-005,IZABAL,PUERTO BARRIOS,INSTITUTO PRIVADO MIXTO DE EDUCACIÓN DIVERSIFICADA EL DIVINO MAESTRO JN,"CALZADA AL CAMPO DE DIOS, BARRIO EL PUEBLITO",79484009,ELENA ELIZABETH SUCHITE GARNICA DE QUINTANILLA,MANUEL DE JESUS SAGASTUME CASASOLA,DIVERSIFICADO,PRIVADO,URBANA,CERRADA TEMPORALMENTE,MONOLINGÜE,NOCTURNA,DIARIO(REGULAR),IZABAL
18-01-0695-46,18-005,IZABAL,PUERTO BARRIOS,INSTITUTO PARTICULAR MIXTO CIENCIA Y DESARROLLO,14 CALLE 12 AVENIDA,79486407,ELENA ELIZABETH SUCHITE GARNICA DE QUINTANILLA,EDGAR ROMEO MARTÍNEZ CÁCERES,DIVERSIFICADO,PRIVADO,URBANA,CERRADA TEMPORALMENTE,MONOLINGÜE,DOBLE,FIN DE SEMANA,IZABAL
18-01-0710-46,18-005,IZABAL,PUERTO BARRIOS,COLEGIO PARTICULAR MIXTO MIGUEL ANGEL ASTURIAS,11 CALLE ENTRE 10 Y 11 AVENIDA,79482219,ELENA ELIZABETH SUCHITE GARNICA DE QUINTANILLA,,DIVERSIFICADO,PRIVADO,URBANA,CERRADA TEMPORALMENTE,MONOLINGÜE,NOCTURNA,DIARIO(REGULAR),IZABAL
18-01-0711-46,,IZABAL,PUERTO BARRIOS,INSTITUTO PRIVADO MIXTO DE EDUCACIÓN BASICA ASOPROBA,FINCA ESKIMO,,,,DIVERSIFICADO,PRIVADO,URBANA,CERRADA TEMPORALMENTE,MONOLINGÜE,NOCTURNA,DIARIO(REGULAR),IZABAL
18-01-0746-46,18-005,IZABAL,PUERTO BARRIOS,COLEGIO DE CIENCIAS DE LA COMPUTACIÓN,8A. AVENIDA Y 10A. CALLE,79480009,ELENA ELIZABETH SUCHITE GARNICA DE QUINTANILLA,MIGUEL DANILO MONTERROSO,DIVERSIFICADO,PRIVADO,URBANA,CERRADA TEMPORALMENTE,MONOLINGÜE,MATUTINA,DIARIO(REGULAR),IZABAL
18-01-1025-46,18-005,IZABAL,PUERTO BARRIOS,COLEGIO PARTICULAR MIXTO MIGUEL ANGEL ASTURIAS JM,11 CALLE ENTRE 10 Y 11 AVENIDA,79481153,ELENA ELIZABETH SUCHITE GARNICA DE QUINTANILLA,DINA ESPERANZA HERNANDEZ MEJIA,DIVERSIFICADO,PRIVADO,URBANA,ABIERTA,MONOLINGÜE,MATUTINA,DIARIO(REGULAR),IZABAL
18-01-1134-46,18-005,IZABAL,PUERTO BARRIOS,COLEGIO PARTICULAR MIXTO MIGUEL ANGEL ASTURIAS,11 CALLE Y 10 Y 11 AVENIDAS,79481153,ELENA ELIZABETH SUCHITE GARNICA DE QUINTANILLA,DINA ESPERANZA HERNANDEZ MEJIA,DIVERSIFICADO,PRIVADO,URBANA,ABIERTA,MONOLINGÜE,VESPERTINA,DIARIO(REGULAR),IZABAL
18-01-1969-46,18-005,IZABAL,PUERTO BARRIOS,INSTITUTO PARTICULAR MIXTO EL DIVINO MAESTRO,"CALZADA CAMPO DE DIOS, BARRIO EL PUEBLITO",79484009,ELENA ELIZABETH SUCHITE GARNICA DE QUINTANILLA,MANUEL DE JESUS SAGASTUME CASASOLA,DIVERSIFICADO,PRIVADO,URBANA,ABIERTA,MONOLINGÜE,VESPERTINA,DIARIO(REGULAR),IZABAL
18-01-2004-46,18-005,IZABAL,PUERTO BARRIOS,COLEGIO DE CIENCIAS DE LA COMPUTACIÓN,8A. AVENIDA Y 10A. CALLE,,ELENA ELIZABETH SUCHITE GARNICA DE QUINTANILLA,,DIVERSIFICADO,PRIVADO,URBANA,CERRADA TEMPORALMENTE,MONOLINGÜE,NOCTURNA,DIARIO(REGULAR),IZABAL
18-01-2387-46,18-005,IZABAL,PUERTO BARRIOS,COLEGIO VOCACIÓNAL ITZAGUAL,19 CALLE 4A. AVENIDA,79480332,ELENA ELIZABETH SUCHITE GARNICA DE QUINTANILLA,,DIVERSIFICADO,PRIVADO,URBANA,CERRADA TEMPORALMENTE,MONOLINGÜE,VESPERTINA,DIARIO(REGULAR),IZABAL
18-01-2405-46,18-005,IZABAL,PUERTO BARRIOS,LICEO MIXTO 20 DE OCTUBRE,7A. CALLE ENTRE 6A. Y 7A. AVENIDA,79482254,ELENA ELIZABETH SUCHITE GARNICA DE QUINTANILLA,,DIVERSIFICADO,PRIVADO,URBANA,CERRADA TEMPORALMENTE,MONOLINGÜE,NOCTURNA,DIARIO(REGULAR),IZABAL
18-01-2424-46,18-005,IZABAL,PUERTO BARRIOS,LICEO MIXTO 20 DE OCTUBRE,7A. CALLE ENTRE 6A. Y 7A. AVENIDA,79482254,ELENA ELIZABETH SUCHITE GARNICA DE QUINTANILLA,,DIVERSIFICADO,PRIVADO,URBANA,CERRADA TEMPORALMENTE,MONOLINGÜE,MATUTINA,DIARIO(REGULAR),IZABAL
18-01-2427-46,18-005,IZABAL,PUERTO BARRIOS,INSTITUTO PARTICULAR MIXTO ACADEMICO INTEGRADO I.N.A.I,AVENIDA GENERAL UBICO Y 17 CALLE,79480009,ELENA ELIZABETH SUCHITE GARNICA DE QUINTANILLA,DANIEL HUMBERTO GOMEZ POLANCO,DIVERSIFICADO,PRIVADO,URBANA,TEMPORAL TITULOS,MONOLINGÜE,DOBLE,FIN DE SEMANA,IZABAL
18-01-2453-46,18-006,IZABAL,PUERTO BARRIOS,INED ADSCRITO AL INSTITUTO NACIÓNAL DE EDUCACIÓN BASICA EXPERIMENTAL CON ORIENTACIÓN OCUPACIÓNAL DR. LUIS PASTEUR,9A. AVE. ENTRE 14 Y 17 CALLES,79488096,CYNTHIA AZUCELLY BARRIENTOS LOPEZ,OLGA LETICIA TENAS MARTINEZ,DIVERSIFICADO,OFICIAL,URBANA,ABIERTA,MONOLINGÜE,VESPERTINA,DIARIO(REGULAR),IZABAL
18-01-2487-46,18-006,IZABAL,PUERTO BARRIOS,INSTITUTO DIVERSIFICADO POR COOPERATIVA,9A. AVE. ENTRE 14 Y 17 CALLE,79487047,CYNTHIA AZUCELLY BARRIENTOS LOPEZ,JOSE LUIS JUMIQUE CORONADO,DIVERSIFICADO,COOPERATIVA,URBANA,ABIERTA,MONOLINGÜE,VESPERTINA,DIARIO(REGULAR),IZABAL
18-01-2562-46,18-001,IZABAL,PUERTO BARRIOS,INSTITUTO GUATEMALTECO DE EDUCACIÓN RADIOFONICA (IGER),IZABAL,,JACOBO AREVALO MEDINA,,DIVERSIFICADO,PRIVADO,URBANA,CERRADA TEMPORALMENTE,MONOLINGÜE,MATUTINA,A DISTANCIA,IZABAL
18-01-2642-46,18-006,IZABAL,PUERTO BARRIOS,ESCUELA NORMAL DE EDUCACIÓN FISICA,ALDEA SANTO TOMAS DE CASTILLA,79453875,CYNTHIA AZUCELLY BARRIENTOS LOPEZ,EDITH CONSUELO SIERRA JUAREZ DE MARROQUIN,DIVERSIFICADO,OFICIAL,RURAL,ABIERTA,MONOLINGÜE,DOBLE,DIARIO(REGULAR),IZABAL
18-01-2722-46,18-005,IZABAL,PUERTO BARRIOS,INSTITUTO PARTICULAR MIXTO DE BACH. POR MADUREZ DR. MARIANO GALVEZ,FRENTE AL PARQUE BELGA ALDEA SANTO TOMAS DE CASTILLA,58685566,ELENA ELIZABETH SUCHITE GARNICA DE QUINTANILLA,SINDY MARISOL NUÑEZ VALIENTE,DIVERSIFICADO,PRIVADO,RURAL,ABIERTA,MONOLINGÜE,DOBLE,FIN DE SEMANA,IZABAL
18-01-2733-46,18-005,IZABAL,PUERTO BARRIOS,INSTITUTO PARTICULAR MIXTO EDUCATIVO INTEGRAL (POR MADUREZ),COLONIA SAN MANUEL ALDEA SANTO TOMAS DE CASTILLA,,ELENA ELIZABETH SUCHITE GARNICA DE QUINTANILLA,,DIVERSIFICADO,PRIVADO,URBANA,CERRADA TEMPORALMENTE,MONOLINGÜE,MATUTINA,FIN DE SEMANA,IZABAL
18-01-2823-46,18-005,IZABAL,PUERTO BARRIOS,COLEGIO EDUCATIVO PRIVADO MIXTO DE FORMACIÓN INTEGRAL EN COMPUTACIÓN CEIF COMP,7AV. ENTRE 14 Y 15 CALLE EN PUERTO BARRIOS,79524695,ELENA ELIZABETH SUCHITE GARNICA DE QUINTANILLA,MARCO TULIO FLORES LOPEZ,DIVERSIFICADO,PRIVADO,URBANA,ABIERTA,MONOLINGÜE,DOBLE,FIN DE SEMANA,IZABAL
18-01-2828-46,18-005,IZABAL,PUERTO BARRIOS,LICEO TECNICO VOCACIÓNAL MAYA,22 CALLE 7A. Y 8A. AVENIDA,5293612479481614,ELENA ELIZABETH SUCHITE GARNICA DE QUINTANILLA,MYNOR ALBERTO SANDOVAL,DIVERSIFICADO,PRIVADO,URBANA,ABIERTA,MONOLINGÜE,MATUTINA,DIARIO(REGULAR),IZABAL
18-01-2830-46,18-005,IZABAL,PUERTO BARRIOS,"COLEGIO EDUCATIVO PRIVADO MIXTO DE FORMACIÓN INTEGRAL EN COMPUTACIÓN, CEIF COMP","7A. AVENIDA ENTRE 14 Y 15 CALLE, PUERTO BARRIOS",79524695,ELENA ELIZABETH SUCHITE GARNICA DE QUINTANILLA,MARCO TULIO FLORES LOPEZ,DIVERSIFICADO,PRIVADO,URBANA,ABIERTA,MONOLINGÜE,DOBLE,FIN DE SEMANA,IZABAL
18-01-2834-46,18-005,IZABAL,PUERTO BARRIOS,INSTITUTO DIVERSIFICADO EN TECNOLOGIA Y TRABAJO INDUSTRIAL,17 CALLE Y 8A. AVENIDA,,ELENA ELIZABETH SUCHITE GARNICA DE QUINTANILLA,,DIVERSIFICADO,PRIVADO,URBANA,CERRADA TEMPORALMENTE,MONOLINGÜE,DOBLE,FIN DE SEMANA,IZABAL
18-01-2913-46,18-005,IZABAL,PUERTO BARRIOS,COLEGIO PARTICULAR MIXTO EVANGELICO LA PROFECIA,,79481405,ELENA ELIZABETH SUCHITE GARNICA DE QUINTANILLA,,DIVERSIFICADO,PRIVADO,URBANA,CERRADA TEMPORALMENTE,MONOLINGÜE,VESPERTINA,DIARIO(REGULAR),IZABAL
18-01-2914-46,18-005,IZABAL,PUERTO BARRIOS,COLEGIO PRIVADO SAN JOSE,BARRIO EL PUEBLITO ALDEA SANTO TOMAS DE CASTILLA,79483291,ELENA ELIZABETH SUCHITE GARNICA DE QUINTANILLA,,DIVERSIFICADO,PRIVADO,URBANA,CERRADA TEMPORALMENTE,MONOLINGÜE,VESPERTINA,DIARIO(REGULAR),IZABAL
18-01-3030-46,18-005,IZABAL,PUERTO BARRIOS,COLEGIO PARTICULAR MIXTO BILINGÜE JOSE CECILIO DEL VALLE,CALLE PRINCIPAL ALDEA SANTO TOMAS DE CASTILLA,49546612,ELENA ELIZABETH SUCHITE GARNICA DE QUINTANILLA,NAZARIO CHAVEZ PEREZ,DIVERSIFICADO,PRIVADO,RURAL,ABIERTA,MONOLINGÜE,VESPERTINA,DIARIO(REGULAR),IZABAL
18-01-3032-46,18-005,IZABAL,PUERTO BARRIOS,COLEGIO PARTICULAR MIXTO BILINGÜE JOSE CECILIO DEL VALLE,CALLE PRINCIPAL ALDEA SANTO TOMAS DE CASTILLA,49546612,ELENA ELIZABETH SUCHITE GARNICA DE QUINTANILLA,NAZARIO CHAVEZ PEREZ,DIVERSIFICADO,PRIVADO,RURAL,CERRADA TEMPORALMENTE,MONOLINGÜE,DOBLE,FIN DE SEMANA,IZABAL
18-01-3089-46,18-005,IZABAL,PUERTO BARRIOS,INSTITUTO DIVERSIFICADO SAN JOSE,ALDEA PUNTA DE PALMA,,ELENA ELIZABETH SUCHITE GARNICA DE QUINTANILLA,,DIVERSIFICADO,PRIVADO,RURAL,CERRADA TEMPORALMENTE,MONOLINGÜE,VESPERTINA,DIARIO(REGULAR),IZABAL
18-01-3107-46,18-005,IZABAL,PUERTO BARRIOS,COLEGIO TECNICO PRIVADO MIXTO LA PATRIA,"FRENTE A LA BOMBA DE AGUA, ALDEA ENTRE RIOS",79475263,ELENA ELIZABETH SUCHITE GARNICA DE QUINTANILLA,LUIS ALBERTO CARCAMO PEÑA,DIVERSIFICADO,PRIVADO,RURAL,ABIERTA,MONOLINGÜE,VESPERTINA,DIARIO(REGULAR),IZABAL
18-01-3170-46,18-005,IZABAL,PUERTO BARRIOS,LICEO MIXTO 20 DE OCTUBRE,7A. CALLE ENTRE 6A. Y 7A. AVENIDA,79482254,ELENA ELIZABETH SUCHITE GARNICA DE QUINTANILLA,DELMA AYDEE HERNANDEZ OLIVA,DIVERSIFICADO,PRIVADO,URBANA,CERRADA TEMPORALMENTE,MONOLINGÜE,VESPERTINA,DIARIO(REGULAR),IZABAL
18-01-3175-46,18-005,IZABAL,PUERTO BARRIOS,LICEO MIXTO MONTESSORI,10 AVENIDA 10 Y 11 CALLES,79480774,ELENA ELIZABETH SUCHITE GARNICA DE QUINTANILLA,,DIVERSIFICADO,PRIVADO,URBANA,CERRADA TEMPORALMENTE,MONOLINGÜE,DOBLE,FIN DE SEMANA,IZABAL
18-01-3186-46,18-005,IZABAL,PUERTO BARRIOS,LICEO MIXTO MODERNO,ALDEA SANTO TOMAS DE CASTILLA,,ELENA ELIZABETH SUCHITE GARNICA DE QUINTANILLA,,DIVERSIFICADO,PRIVADO,RURAL,CERRADA TEMPORALMENTE,MONOLINGÜE,MATUTINA,DIARIO(REGULAR),IZABAL
18-01-3245-46,18-005,IZABAL,PUERTO BARRIOS,COLEGIO PARTICULAR MIXTO MATIAS DE GALVEZ,COLONIA PIEDRAS NEGRAS ALDEA SANTO TOMASDE CASTILLA,47102276,ELENA ELIZABETH SUCHITE GARNICA DE QUINTANILLA,MARIA MAGDALENA SUCHITE GARNICA,DIVERSIFICADO,PRIVADO,RURAL,ABIERTA,MONOLINGÜE,MATUTINA,FIN DE SEMANA,IZABAL
18-02-0188-46,18-007,IZABAL,LIVINGSTON,INSTITUTO NACIÓNAL DE EDUCACIÓN DIVERSIFICADA,"CALLE DE LA IGLESIA, BARRIO MINERVA",46129146,JUAN OSVALDO ESTERO MARTINEZ,MITZI LISSETH ALVAREZ TORO,DIVERSIFICADO,OFICIAL,URBANA,ABIERTA,MONOLINGÜE,VESPERTINA,DIARIO(REGULAR),IZABAL
18-02-0242-46,18-007,IZABAL,LIVINGSTON,COLEGIO PRIVADO MIXTO KATERI TEKAKWITHA,BARRIO MINERVA,79470298,JUAN OSVALDO ESTERO MARTINEZ,EDWIN ROLANDO SAMOL ESQUIT,DIVERSIFICADO,PRIVADO,URBANA,ABIERTA,MONOLINGÜE,VESPERTINA,DIARIO(REGULAR),IZABAL
18-02-0254-46,18-009,IZABAL,LIVINGSTON,COLEGIO PARTICULAR MIXTO RIO DULCE,ALDEA FRONTERAS RIO DULCE,79305368,RUBEN ALFREDO MAZARIEGOS VASQUEZ,RUBEN DARIO NOLASCO PEREZ,DIVERSIFICADO,PRIVADO,RURAL,ABIERTA,MONOLINGÜE,VESPERTINA,DIARIO(REGULAR),IZABAL
18-02-0255-46,18-009,IZABAL,LIVINGSTON,COLEGIO PARTICULAR MIXTO RIO DULCE,ALDEA FRONTERAS RIO DULCE,79305368,RUBEN ALFREDO MAZARIEGOS VASQUEZ,RUBEN DARIO NOLASCO PEREZ,DIVERSIFICADO,PRIVADO,RURAL,ABIERTA,MONOLINGÜE,DOBLE,DIARIO(REGULAR),IZABAL
18-02-0276-46,18-009,IZABAL,LIVINGSTON,COLEGIO PARTICULAR MIXTO MUNDO JUVENIL,BARRIO EL TALLER FRONTERAS ALDEA FRONTERAS,79305318,RUBEN ALFREDO MAZARIEGOS VASQUEZ,RAFAEL ELVIN RETANA CRUZ,DIVERSIFICADO,PRIVADO,RURAL,ABIERTA,MONOLINGÜE,DOBLE,FIN DE SEMANA,IZABAL
18-02-0281-46,18-009,IZABAL,LIVINGSTON,COLEGIO PARTICULAR MIXTO MUNDO JUVENIL,BARRIO EL TALLER FRONTERAS ALDEA FRONTERAS,79305318,RUBEN ALFREDO MAZARIEGOS VASQUEZ,RAFAEL ELVIN RETANA CRUZ,DIVERSIFICADO,PRIVADO,RURAL,ABIERTA,MONOLINGÜE,VESPERTINA,DIARIO(REGULAR),IZABAL
18-02-0291-46,18-009,IZABAL,LIVINGSTON,COLEGIO PARTICULAR MIXTO LIC. HECTOR ARTURO CARPIO ESCOBAR,ALDEA GUITARRAS,40629261,RUBEN ALFREDO MAZARIEGOS VASQUEZ,JAVIER ICAL CHEN,DIVERSIFICADO,PRIVADO,RURAL,ABIERTA,BILINGÜE,VESPERTINA,DIARIO(REGULAR),IZABAL
18-02-0304-46,18-027,IZABAL,LIVINGSTON,INSTITUTO NACIÓNAL DE EDUCACIÓN DIVERSIFICADA INED,ALDEA BUENOS AIRES,32821893,RUBEN ALFREDO MAZARIEGOS VASQUEZ,ENOC MEDRANO MEJIA,DIVERSIFICADO,OFICIAL,RURAL,ABIERTA,MONOLINGÜE,VESPERTINA,DIARIO(REGULAR),IZABAL
18-02-0312-46,18-008,IZABAL,LIVINGSTON,COLEGIO CRISTIANO PRIVADO MIXTO DE EDUC. BASICA Y DIVERSIFICADA MONTE PENIEL,"ALDEA SEMOX , LIVINGSTON, IZABAL",51981985,RUBEN ALFREDO MAZARIEGOS VASQUEZ,OTONIEL GUTIERREZ BAUTISTA,DIVERSIFICADO,PRIVADO,RURAL,ABIERTA,MONOLINGÜE,VESPERTINA,DIARIO(REGULAR),IZABAL
18-02-0316-46,18-009,IZABAL,LIVINGSTON,INSTITUTO PRIVADO MIXTO DE FORMACIÓN JUVENIL RÍO DULCE,ALDEA FRONTERAS RIO DULCE,79305829,RUBEN ALFREDO MAZARIEGOS VASQUEZ,MELVIN EDUARDO VENTURA QUNTANILLA,DIVERSIFICADO,PRIVADO,RURAL,ABIERTA,MONOLINGÜE,VESPERTINA,DIARIO(REGULAR),IZABAL
18-02-0317-46,18-009,IZABAL,LIVINGSTON,INSTITUTO PRIVADO MIXTO DE FORMACIÓN JUVENIL RÍO DULCE,ALDEA FRONTERAS RIO DULCE,79305829,RUBEN ALFREDO MAZARIEGOS VASQUEZ,MELVIN EDUARDO VENTURA QUNTANILLA,DIVERSIFICADO,PRIVADO,RURAL,ABIERTA,MONOLINGÜE,DOBLE,FIN DE SEMANA,IZABAL
18-02-0325-46,18-008,IZABAL,LIVINGSTON,COLEGIO CRISTIANO PRIVADO MIXTO DE EDUCACIÓN BASICA Y DIVERSIFICADA MONTE PENIEL,ALDEA SEMOX,48936943,RUBEN ALFREDO MAZARIEGOS VASQUEZ,OTONIEL GUTIERREZ BAUSTITA,DIVERSIFICADO,PRIVADO,RURAL,ABIERTA,MONOLINGÜE,DOBLE,FIN DE SEMANA,IZABAL
18-02-0340-46,18-027,IZABAL,LIVINGSTON,COLEGIO PRIVADO MIXTO D GONZALEZ,ALDEA LOS ANGELES,30640244,RUBEN ALFREDO MAZARIEGOS VASQUEZ,ANGEL ANTONIO GONZALEZ RAMOS,DIVERSIFICADO,PRIVADO,RURAL,ABIERTA,MONOLINGÜE,VESPERTINA,DIARIO(REGULAR),IZABAL
18-02-0341-46,18-027,IZABAL,LIVINGSTON,COLEGIO PRIVADO MIXTO D GONZALEZ,ALDEA LOS ANGELES,30640244,RUBEN ALFREDO MAZARIEGOS VASQUEZ,ANGEL ANTONIO GONZALEZ RAMOS,DIVERSIFICADO,PRIVADO,RURAL,ABIERTA,MONOLINGÜE,DOBLE,FIN DE SEMANA,IZABAL
18-02-0347-46,18-027,IZABAL,LIVINGSTON,INSTITUTO PRIVADO MIXTO HERMANO PEDRO DE BETANCUR,ALDEA LOS ANGELES,5004545253886336,RUBEN ALFREDO MAZARIEGOS VASQUEZ,MARIA SOAR RAMIREZ GUTIERREZ,DIVERSIFICADO,PRIVADO,RURAL,ABIERTA,MONOLINGÜE,MATUTINA,DIARIO(REGULAR),IZABAL
18-02-0350-46,18-027,IZABAL,LIVINGSTON,INSTITUTO PRIVADO MIXTO HERMANO PEDRO DE BETANCUR,"ALDEA LOS ANGELES, RIO DULCE",53886336,RUBEN ALFREDO MAZARIEGOS VASQUEZ,ELMER OSWALDO FLORES ZALAM,DIVERSIFICADO,PRIVADO,RURAL,ABIERTA,MONOLINGÜE,DOBLE,FIN DE SEMANA,IZABAL
18-02-0362-46,18-009,IZABAL,LIVINGSTON,CENTRO EDUCATIVO SAN PABLO FE Y ALEGRIA NO. 52,ALDEA TAMAGAS CREEK,30331507,RUBEN ALFREDO MAZARIEGOS VASQUEZ,MERLYN USBALDO ZACARIAS IPIÑA,DIVERSIFICADO,PRIVADO,RURAL,ABIERTA,MONOLINGÜE,VESPERTINA,DIARIO(REGULAR),IZABAL
18-02-0366-46,18-009,IZABAL,LIVINGSTON,INSTITUTO PRIVADO MIXTO SAN JOSE BUENA VISTA,"ALDEA SAN JOSE BUENA VISTA, RIO DULCE",45339061,RUBEN ALFREDO MAZARIEGOS VASQUEZ,JOSE ARNOLDO MAGAÑA RIVERA,DIVERSIFICADO,PRIVADO,RURAL,ABIERTA,MONOLINGÜE,VESPERTINA,DIARIO(REGULAR),IZABAL
18-02-0379-46,18-009,IZABAL,LIVINGSTON,COLEGIO PARTICULAR MIXTO BILINGÚE SAN FELIPE IZABAL,ALDEA SAN FELIPE DE LARA,58259443,RUBEN ALFREDO MAZARIEGOS VASQUEZ,LIDIA ROSELIA CHOC DE DIAZ,DIVERSIFICADO,PRIVADO,RURAL,ABIERTA,MONOLINGÜE,MATUTINA,DIARIO(REGULAR),IZABAL
18-02-0382-46,18-027,IZABAL,LIVINGSTON,COLEGIO PARTICULAR MIXTO MUNDO JUVENIL,"BARRIO SAN MIGUEL, ALDEA FRONTERAS, RIO DULCE",79305318,RUBEN ALFREDO MAZARIEGOS VASQUEZ,RAFAEL ELVIN RETANA,DIVERSIFICADO,PRIVADO,RURAL,ABIERTA,MONOLINGÜE,NOCTURNA,DIARIO(REGULAR),IZABAL
18-02-2388-46,18-009,IZABAL,LIVINGSTON,COLEGIO DE EDUCACIÓN BASICA Y DIVERSIFICADA EN ESTUDIOS COMERCIALES CON ORIENTACIÓN EN COMPUTACIÓN Y TURISMO NUEVO AMANECER,ALDEA FRONTERAS RIO DULCE,40653460,RUBEN ALFREDO MAZARIEGOS VASQUEZ,JUAN BASILIO HERNÁNDEZ ESCOBAR,DIVERSIFICADO,PRIVADO,RURAL,ABIERTA,MONOLINGÜE,VESPERTINA,DIARIO(REGULAR),IZABAL
18-02-2576-46,18-007,IZABAL,LIVINGSTON,INSTITUTO DE EDUCACIÓN BASICA Y DIVERSIFICADO DE BACHILLERATO EN CIENCIAS Y LETRAS POR MADUREZ (INBACH),CALLE DE LA IGLESIA,42129124,JUAN OSVALDO ESTERO MARTINEZ,RUDY ARCIDES RAMIREZ CAYETANO,DIVERSIFICADO,PRIVADO,URBANA,ABIERTA,MONOLINGÜE,DOBLE,FIN DE SEMANA,IZABAL
18-02-2809-46,18-007,IZABAL,LIVINGSTON,INSTITUTO DE DIVERSIFICADO POR COOPERATIVA,BARRIO MINERVA,,JUAN OSVALDO ESTERO MARTINEZ,,DIVERSIFICADO,COOPERATIVA,URBANA,CERRADA TEMPORALMENTE,MONOLINGÜE,VESPERTINA,DIARIO(REGULAR),IZABAL
18-02-2916-46,18-007,IZABAL,LIVINGSTON,INSTITUTO PARTICULAR MIXTO AK TENAMIT PUEBLO NUEVO,ALDEA BARRA LAMPARA,59484610,JUAN OSVALDO ESTERO MARTINEZ,CARLOS RAFAEL QUIM XOL,DIVERSIFICADO,PRIVADO,RURAL,ABIERTA,MONOLINGÜE,DOBLE,DIARIO(REGULAR),IZABAL
18-02-3077-46,18-009,IZABAL,LIVINGSTON,INSTITUTO PRIVADO DE EDUCACIÓN BASICA Y DIVERSIFICADA BUENOS AIRES,ALDEA SAN ANTONIO SEJA,45899054,RUBEN ALFREDO MAZARIEGOS VASQUEZ,WENDY ARACELY COLINDRES GUTIERREZ,DIVERSIFICADO,PRIVADO,RURAL,ABIERTA,MONOLINGÜE,VESPERTINA,DIARIO(REGULAR),IZABAL
18-02-3213-46,18-009,IZABAL,LIVINGSTON,COLEGIO DE EDUCACIÓN BASICA Y DIVERSIFICADA EN ESTUDIOS COMERCIALES CON ORIENTACIÓN EN COMPUTACIÓN Y TURISMO NUEVO AMANECER,ALDEA FRONTERAS RIO DULCE,40653460,RUBEN ALFREDO MAZARIEGOS VASQUEZ,JUAN BASILIO HERNÁNDEZ ESCOBAR,DIVERSIFICADO,PRIVADO,RURAL,ABIERTA,MONOLINGÜE,DOBLE,FIN DE SEMANA,IZABAL
18-03-0106-46,18-013,IZABAL,EL ESTOR,CENTRO EDUCATIVO COMUNITARIO ANTONIO POP CAAL,ALDEA CHICHIPATE,49471171,SILVERIO CHITOP CABRERA,ROLANDO ASIG CUZ,DIVERSIFICADO,PRIVADO,RURAL,ABIERTA,MONOLINGÜE,DOBLE,DIARIO(REGULAR),IZABAL
18-03-0119-46,18-013,IZABAL,EL ESTOR,INSTITUTO NACIÓNAL DE EDUCACIÓN DIVERSIFICADA,ALDEA CHICHIPATE,49087191,SILVERIO CHITOP CABRERA,VICTORIANO TEMU ORDOÑEZ,DIVERSIFICADO,OFICIAL,RURAL,ABIERTA,MONOLINGÜE,VESPERTINA,DIARIO(REGULAR),IZABAL
18-03-0120-46,18-012,IZABAL,EL ESTOR,INSTITUTO NACIÓNAL DE EDUCACIÓN DIVERSIFICADA LICENCIADO JULIO ANTONIO DE LEON SOSA,5A. AVENIDA 3-79 ZONA 1,79497589,RAQUEL MAZARIEGOS GARCIA,NOEL ARMANDO BARRIENTOS REY,DIVERSIFICADO,OFICIAL,RURAL,ABIERTA,MONOLINGÜE,VESPERTINA,DIARIO(REGULAR),IZABAL
18-03-0234-46,18-012,IZABAL,EL ESTOR,INSTITUTO PRIVADO MIXTO DE FORMACIÓN MAGISTERIAL CON ORIENTACIÓN BILINGÜE (Q EQCHI),CABECERA MUNICIPAL,49404362,RAQUEL MAZARIEGOS GARCIA,JOSE JOEL LORENZO FLORES,DIVERSIFICADO,PRIVADO,URBANA,ABIERTA,MONOLINGÜE,DOBLE,FIN DE SEMANA,IZABAL
18-03-0246-46,,IZABAL,EL ESTOR,INSTITUTO PRIVADO MIXTO DE EDUCACIÓN DIVERSIFICADA PERITO CONTADOR JN,EL ESTOR,,,,DIVERSIFICADO,PRIVADO,URBANA,CERRADA TEMPORALMENTE,MONOLINGÜE,NOCTURNA,DIARIO(REGULAR),IZABAL
18-03-0252-46,18-012,IZABAL,EL ESTOR,INSTITUTO PARTICULAR MIXTO MADRE MIRIAM SIMON,"6A. AVENIDA Y 6A. CALLE, ZONA 1",79497223,RAQUEL MAZARIEGOS GARCIA,LESBERTH DIMAS BORGE,DIVERSIFICADO,PRIVADO,URBANA,ABIERTA,MONOLINGÜE,MATUTINA,DIARIO(REGULAR),IZABAL
18-03-2454-46,18-012,IZABAL,EL ESTOR,INSTITUTO PRIVADO MIXTO DE FORMACIÓN MAGISTERIAL CON ORIENTACIÓN BILINGÜE (Q EQCHI),CABECERA MUNICIPAL,51745681,RAQUEL MAZARIEGOS GARCIA,JOSE JOEL LORENZO FLORES,DIVERSIFICADO,PRIVADO,URBANA,ABIERTA,MONOLINGÜE,VESPERTINA,DIARIO(REGULAR),IZABAL
18-03-2455-46,18-013,IZABAL,EL ESTOR,COLEGIO PRIVADO MIXTO DE EDUC. BASICA Y BACH. POR MADUREZ PAULO FREIRE,1A. AVENIDAY 5A. CALLE ZONA 1,48989011,SILVERIO CHITOP CABRERA,RAQUEL MAZARIEGOS GARCIA,DIVERSIFICADO,PRIVADO,URBANA,ABIERTA,MONOLINGÜE,DOBLE,FIN DE SEMANA,IZABAL
18-03-2527-46,18-011,IZABAL,EL ESTOR,LIC. GERARD ANTHONY ALLEN ROWE,"BARRIO SAN JORGE, EL ESTOR IZABAL",,JOSE JOEL LORENZO FLORES,,DIVERSIFICADO,COOPERATIVA,URBANA,CERRADA TEMPORALMENTE,MONOLINGÜE,VESPERTINA,DIARIO(REGULAR),IZABAL
18-03-2749-46,18-012,IZABAL,EL ESTOR,ESCUELA NORMAL BILINGÜE INTERCULTURAL TZOLEB AAL TIJONEL Q EQCHI OXIB KEJ,BARRIO SAN JORGE,7949750078209540,RAQUEL MAZARIEGOS GARCIA,GUSTAVO TZIBOY CHOC,DIVERSIFICADO,OFICIAL,URBANA,ABIERTA,BILINGÜE,DOBLE,DIARIO(REGULAR),IZABAL
18-03-3165-46,18-012,IZABAL,EL ESTOR,LICEO VOCACIÓNAL COACTEMALAN,BARRIO LA COROZA,79497240,RAQUEL MAZARIEGOS GARCIA,OLGA MARIELA VILLAVICENCIO DE LA ROSA,DIVERSIFICADO,PRIVADO,URBANA,ABIERTA,MONOLINGÜE,VESPERTINA,DIARIO(REGULAR),IZABAL
18-04-0010-46,18-033,IZABAL,MORALES,CENTRO EDUCATIVO EMANUEL,"INTERIOR INEB FRANCISCO MARROQUÍN, AVENIDA VICENTE COZZA",59965744,MARTA JULIA OVANDO SALGUERO,LUIS ALBERTO ACEITUNO QUEZADA,DIVERSIFICADO,PRIVADO,URBANA,ABIERTA,MONOLINGÜE,DOBLE,DOMINICAL,IZABAL
18-04-0016-46,18-033,IZABAL,MORALES,COLEGIO PARTICULAR MIXTO MINERVA,ALDEA PLAYITAS,3108941853230377,MARTA JULIA OVANDO SALGUERO,KELVIN RODRIGO HERNANDEZ MARTINEZ,DIVERSIFICADO,PRIVADO,RURAL,ABIERTA,MONOLINGÜE,VESPERTINA,DIARIO(REGULAR),IZABAL
18-04-0017-46,18-033,IZABAL,MORALES,COLEGIO PARTICULAR MIXTO MINERVA,ALDEA PLAYITAS,,MARTA JULIA OVANDO SALGUERO,KATHERINE YANINA GALEANO ARCHILA,DIVERSIFICADO,PRIVADO,URBANA,CERRADA TEMPORALMENTE,MONOLINGÜE,DOBLE,FIN DE SEMANA,IZABAL
18-04-0076-46,18-033,IZABAL,MORALES,LICEO FORMACIÓN BASICA Y PROFESIONAL LATINOAMERICANO,BARRIO LAS FLORES,50529699,MARTA JULIA OVANDO SALGUERO,KARLA JOHANNA SANABRIA CASTAÑEDA,DIVERSIFICADO,PRIVADO,URBANA,ABIERTA,MONOLINGÜE,DOBLE,FIN DE SEMANA,IZABAL
18-04-0077-46,18-033,IZABAL,MORALES,LICEO DE FORMACIÓN BASICA Y PROFESIONAL LATINOAMERICANO,BARRIO LAS FLORES,50529699,MARTA JULIA OVANDO SALGUERO,KARLA JOHANNA SANABRIA CASTAÑEDA,DIVERSIFICADO,PRIVADO,URBANA,ABIERTA,MONOLINGÜE,DOBLE,FIN DE SEMANA,IZABAL
18-04-0081-46,18-033,IZABAL,MORALES,CENTRO EDUCATIVO PRIVADO YATZAR NURIM,BARRIO EL REMOLINO,79479521,MARTA JULIA OVANDO SALGUERO,OSMAR GIOVANY ORTEGA CASTRO,DIVERSIFICADO,PRIVADO,URBANA,ABIERTA,MONOLINGÜE,VESPERTINA,DIARIO(REGULAR),IZABAL
18-04-0083-46,18-033,IZABAL,MORALES,CENTRO EDUCATIVO PRIVADO YATZAR NURIM,BARRIO EL REMOLINO,79479521,MARTA JULIA OVANDO SALGUERO,MELVIN DAGOBERTO PAZ SAMAYOA,DIVERSIFICADO,PRIVADO,URBANA,ABIERTA,MONOLINGÜE,DOBLE,FIN DE SEMANA,IZABAL
18-04-0086-46,18-033,IZABAL,MORALES,INSTITUTO NACIÓNAL DE EDUCACIÓN DIVERSIFICADA LICDA. IRMA CONSUELO ALVARADO MOSCOSO DE LOPEZ,ALDEA GUAYTAN,59265758,MARTA JULIA OVANDO SALGUERO,IVONE KARINA LEAL ARRIAZA,DIVERSIFICADO,OFICIAL,RURAL,ABIERTA,MONOLINGÜE,VESPERTINA,DIARIO(REGULAR),IZABAL
18-04-0087-46,18-033,IZABAL,MORALES,INSTITUTO NACIÓNAL DE EDUCACIÓN DIVERSIFICADA,AVENIDA VICENTE COZZA,79477001,MARTA JULIA OVANDO SALGUERO,MARCO AURELIO DIAZ CORDOVA,DIVERSIFICADO,OFICIAL,URBANA,ABIERTA,MONOLINGÜE,VESPERTINA,DIARIO(REGULAR),IZABAL
18-04-0108-46,18-033,IZABAL,MORALES,INSTITUTO PRIVADO MIXTO EL MAESTRO AMIGO,ALDEA RIO NEGRO,40465929,MARTA JULIA OVANDO SALGUERO,DARWIN ENRIQUE ALVAREZ MORAN,DIVERSIFICADO,PRIVADO,RURAL,ABIERTA,MONOLINGÜE,VESPERTINA,DIARIO(REGULAR),IZABAL
18-04-0124-46,18-033,IZABAL,MORALES,LICEO DE CIENCIA Y TECNOLOGIA,BARRIO MODERNO,,MARTA JULIA OVANDO SALGUERO,SANDRA CONSUELO CATALAN CASASOLA,DIVERSIFICADO,PRIVADO,URBANA,CERRADA TEMPORALMENTE,MONOLINGÜE,MATUTINA,DIARIO(REGULAR),IZABAL
18-04-0126-46,18-033,IZABAL,MORALES,LICEO DE CIENCIA Y TECNOLOGIA,BARRIO MODERNO,79489525,MARTA JULIA OVANDO SALGUERO,SANDRA CONSUELO CATALAN CASASOLA,DIVERSIFICADO,PRIVADO,URBANA,CERRADA TEMPORALMENTE,MONOLINGÜE,VESPERTINA,DIARIO(REGULAR),IZABAL
18-04-0128-46,18-033,IZABAL,MORALES,LICEO DE CIENCIA Y TECNOLOGIA,BARRIO MODERNO,79489525,MARTA JULIA OVANDO SALGUERO,SANDRA CONSUELO CATALAN CASASOLA,DIVERSIFICADO,PRIVADO,URBANA,CERRADA TEMPORALMENTE,MONOLINGÜE,DOBLE,FIN DE SEMANA,IZABAL
18-04-0130-46,18-033,IZABAL,MORALES,LICEO CRISTIANO BILINGÜE MANANTIAL DE VIDA,BARRIO BANANERA,79479322,MARTA JULIA OVANDO SALGUERO,ESVIN LEONEL MORALES RAMIREZ,DIVERSIFICADO,PRIVADO,URBANA,ABIERTA,MONOLINGÜE,DOBLE,DIARIO(REGULAR),IZABAL
18-04-0137-46,18-033,IZABAL,MORALES,CENTRO EDUCATIVO MAYA SYSTEMS,ALDEA LOS ANDES,53626154,MARTA JULIA OVANDO SALGUERO,MAJIB JHESSIELL YADZDIE WADY JOZ LANDAVERRY VASQUEZ,DIVERSIFICADO,PRIVADO,RURAL,ABIERTA,MONOLINGÜE,VESPERTINA,DIARIO(REGULAR),IZABAL
18-04-0138-46,18-033,IZABAL,MORALES,CENTRO EDUCATIVO MAYA SYSTEMS,ALDEA LOS ANDES,53626154,MARTA JULIA OVANDO SALGUERO,MAJIB JHESSIELL YADZDIE WADY JOZ LANDAVERRY VASQUEZ,DIVERSIFICADO,PRIVADO,RURAL,ABIERTA,MONOLINGÜE,DOBLE,FIN DE SEMANA,IZABAL
18-04-0142-46,18-033,IZABAL,MORALES,LICEO TECNICO HERMANO PEDRO,BARRIO MILLA 37,40960621,MARTA JULIA OVANDO SALGUERO,ABEL MADRID LEIVA,DIVERSIFICADO,PRIVADO,URBANA,ABIERTA,MONOLINGÜE,DOBLE,FIN DE SEMANA,IZABAL
18-04-0149-46,18-033,IZABAL,MORALES,INSTITUTO PRIVADO MIXTO ELITE,BARRIO EL MITCHAL,56968070,MARTA JULIA OVANDO SALGUERO,AMED BENJAMIN ROSSILL BARRIENTOS,DIVERSIFICADO,PRIVADO,URBANA,ABIERTA,MONOLINGÜE,DOBLE,FIN DE SEMANA,IZABAL
18-04-0154-46,18-033,IZABAL,MORALES,INSTITUTO MUNICIPAL DE EDUCACIÓN BASICA Y DIVERSIFICADA,BARRIO LAS FLORES,46053272,MARTA JULIA OVANDO SALGUERO,MAYNOR ANIBAL CASTRO PAIZ,DIVERSIFICADO,MUNICIPAL,RURAL,CERRADA TEMPORALMENTE,MONOLINGÜE,VESPERTINA,DIARIO(REGULAR),IZABAL
18-04-0174-46,18-033,IZABAL,MORALES,LICEO ALVAREZ OVALLE,BARRIO LOS CASTRO,79476691,MARTA JULIA OVANDO SALGUERO,WENDI MADAI CARTAGENA SANCHEZ DE LOPEZ,DIVERSIFICADO,PRIVADO,URBANA,ABIERTA,MONOLINGÜE,DOBLE,FIN DE SEMANA,IZABAL
18-04-0176-46,18-033,IZABAL,MORALES,LICEO ALVAREZ OVALLE,BARRIO LOS CASTRO,5736221679476691,MARTA JULIA OVANDO SALGUERO,WENDI MADAI CARTAGENA SANCHEZ DE LOPEZ,DIVERSIFICADO,PRIVADO,URBANA,ABIERTA,MONOLINGÜE,VESPERTINA,DIARIO(REGULAR),IZABAL
18-04-0185-46,18-033,IZABAL,MORALES,INSTITUTO NACIÓNAL DE EDUCACIÓN DIVERSIFICADA INED,ALDEA RIO BLANCO,47941234,MARTA JULIA OVANDO SALGUERO,ASTRID SUCELY DE LEON ZUNIGA,DIVERSIFICADO,OFICIAL,RURAL,ABIERTA,MONOLINGÜE,MATUTINA,DIARIO(REGULAR),IZABAL
18-04-0193-46,18-033,IZABAL,MORALES,LICEO IZABAL,BARRIO EL CARRIZAL,79478332,MARTA JULIA OVANDO SALGUERO,MARIA EUGENIA MOLINA ALDANA DE PAIZ,DIVERSIFICADO,PRIVADO,URBANA,CERRADA TEMPORALMENTE,MONOLINGÜE,NOCTURNA,DIARIO(REGULAR),IZABAL
18-04-0194-46,18-033,IZABAL,MORALES,LICEO IZABAL,BARRIO EL CARRIZAL,79478332,MARTA JULIA OVANDO SALGUERO,MARIA EUGENIA MOLINA ALDANA DE PAIZ,DIVERSIFICADO,PRIVADO,URBANA,ABIERTA,MONOLINGÜE,DOBLE,FIN DE SEMANA,IZABAL
18-04-0196-46,18-033,IZABAL,MORALES,"INED TECNICO MORALENSE, ITM",COLONIA SANTA BARBARA,79489423,MARTA JULIA OVANDO SALGUERO,LUCIANO DE JESUS POLANCO,DIVERSIFICADO,OFICIAL,URBANA,ABIERTA,MONOLINGÜE,DOBLE,DIARIO(REGULAR),IZABAL
18-04-0198-46,18-033,IZABAL,MORALES,INSTITUTO PARTICULAR MIXTO DE EDUCACIÓN DIVERSIFICADA LANQUIN I,FINCA LANQUIN I,,MARTA JULIA OVANDO SALGUERO,ROELY OBED CRUZ PEREZ,DIVERSIFICADO,PRIVADO,RURAL,CERRADA TEMPORALMENTE,MONOLINGÜE,NOCTURNA,DIARIO(REGULAR),IZABAL
18-04-0199-46,18-033,IZABAL,MORALES,INSTITUTO NACIÓNAL DE EDUCACIÓN DIVERSIFICADA INED,BARRIO LAS FLORES,79480009,MARTA JULIA OVANDO SALGUERO,,DIVERSIFICADO,OFICIAL,URBANA,ABIERTA,MONOLINGÜE,VESPERTINA,DIARIO(REGULAR),IZABAL
18-04-0204-46,18-033,IZABAL,MORALES,INSTITUTO PRIVADO MIXTO JOSÉ CECILIO DEL VALLE,ALDEA PLAYITAS,31826809,MARTA JULIA OVANDO SALGUERO,VICTOR MANUEL BONILLA MARROQUÍN,DIVERSIFICADO,PRIVADO,RURAL,ABIERTA,MONOLINGÜE,DOBLE,FIN DE SEMANA,IZABAL
18-04-0208-46,18-033,IZABAL,MORALES,COLEGIO PRIVADO MIXTO BETHEZDA,ALDEA CAYUGA.,48744101,MARTA JULIA OVANDO SALGUERO,MARCO VINICIO FRANCO MORALES,DIVERSIFICADO,PRIVADO,RURAL,ABIERTA,MONOLINGÜE,DOBLE,FIN DE SEMANA,IZABAL
18-04-0212-46,18-033,IZABAL,MORALES,LICEO EDUCACIÓNAL PRIVADO MIXTO INTERACTIVO LEMI,ALDEA TENEDORES,49572679,MARTA JULIA OVANDO SALGUERO,CLAUDIA MARÍA AGUIRRE,DIVERSIFICADO,PRIVADO,RURAL,ABIERTA,MONOLINGÜE,VESPERTINA,DIARIO(REGULAR),IZABAL
18-04-0223-46,18-033,IZABAL,MORALES,LICEO TECNICO VOCACIÓNAL HARVARD DE GUATEMALA,ALDEA ONEIDA,79487410,MARTA JULIA OVANDO SALGUERO,MILNER ARELI MONTUFAR BARDALES,DIVERSIFICADO,PRIVADO,RURAL,ABIERTA,MONOLINGÜE,DOBLE,FIN DE SEMANA,IZABAL
18-04-0231-46,18-033,IZABAL,MORALES,COLEGIO PRIVADO MIXTO SAN JOSE,COLONIA VILLAS DEL ROSARIO,59683248,MARTA JULIA OVANDO SALGUERO,AMED BENJAMIN ROSSILL BARRIENTOS,DIVERSIFICADO,PRIVADO,URBANA,ABIERTA,MONOLINGÜE,MATUTINA,DIARIO(REGULAR),IZABAL
18-04-0232-46,18-033,IZABAL,MORALES,COLEGIO PRIVADO MIXTO SAN JOSE,COLONIA VILLAS DEL ROSARIO,59683248,MARTA JULIA OVANDO SALGUERO,AMED BENJAMIN ROSSILL BARRIENTOS,DIVERSIFICADO,PRIVADO,URBANA,CERRADA TEMPORALMENTE,MONOLINGÜE,VESPERTINA,DIARIO(REGULAR),IZABAL
18-04-0234-46,18-033,IZABAL,MORALES,COLEGIO PRIVADO MIXTO BETHEZDA,ALDEA CAYUGA,57006014,MARTA JULIA OVANDO SALGUERO,MARCO VINICIO FRANCO MORALES,DIVERSIFICADO,PRIVADO,RURAL,ABIERTA,MONOLINGÜE,VESPERTINA,DIARIO(REGULAR),IZABAL
18-04-0236-46,18-033,IZABAL,MORALES,INSTITUTO PRIVADO MIXTO DR. JUAN JOSE AREVALO BERMEJO,BARRIO LA ESTACIÓN,79478238,MARTA JULIA OVANDO SALGUERO,JOSE GUILLERMO MORALES SILVA,DIVERSIFICADO,PRIVADO,URBANA,CERRADA TEMPORALMENTE,MONOLINGÜE,DOBLE,FIN DE SEMANA,IZABAL
18-04-0246-46,18-033,IZABAL,MORALES,LICEO EDUCACIÓNAL MIXTO DEI VERBUM,ALDEA SAN ISIDRO EL CHOCO,5366079255969273,MARTA JULIA OVANDO SALGUERO,KARLA MARISOL PIVARAL PEREZ,DIVERSIFICADO,PRIVADO,RURAL,ABIERTA,MONOLINGÜE,DOBLE,FIN DE SEMANA,IZABAL
18-04-0373-46,18-033,IZABAL,MORALES,ESCUELA DE CIENCIAS COMERCIALES FRANCISCO MARROQUIN,AVENIDA VICENTE COZZA,79477001,MARTA JULIA OVANDO SALGUERO,MARCO AURELIO DIAZ CORDOVA,DIVERSIFICADO,OFICIAL,URBANA,ABIERTA,MONOLINGÜE,VESPERTINA,DIARIO(REGULAR),IZABAL
18-04-0376-46,18-033,IZABAL,MORALES,INSTITUTO PRIVADO MIXTO DR. JUAN JOSE AREVALO BERMEJO,MORALES,79478238,MARTA JULIA OVANDO SALGUERO,JOSE GUILLERMO MORALES SILVA,DIVERSIFICADO,PRIVADO,URBANA,ABIERTA,MONOLINGÜE,VESPERTINA,DIARIO(REGULAR),IZABAL
18-04-0377-46,18-033,IZABAL,MORALES,INSTITUTO PARTICULAR MIXTO DE EDUCACIÓN BASICA Y DIVERSIFICADA DR. PEDRO MOLINA,BARRIO EL CARRIZAL,79477890,MARTA JULIA OVANDO SALGUERO,PEM MIRIAM YOLANDA MORALES GÁLVEZ,DIVERSIFICADO,PRIVADO,URBANA,ABIERTA,MONOLINGÜE,VESPERTINA,DIARIO(REGULAR),IZABAL
18-04-0382-46,18-017,IZABAL,MORALES,COLEGIO PRIVADO MIXTO VOCACIÓNAL MONTEMARIA,ALDEA EL ROSARIO,55503911,HENRY FLOWERS EVANS,MANUEL SALVADOR PINTO CABRERA,DIVERSIFICADO,PRIVADO,RURAL,ABIERTA,MONOLINGÜE,DOBLE,FIN DE SEMANA,IZABAL
18-04-0384-46,18-033,IZABAL,MORALES,COLEGIO PRIVADO MIXTO VOCACIÓNAL MONTEMARIA,ALDEA EL ROSARIO,55503911,MARTA JULIA OVANDO SALGUERO,MANUEL SALVADOR PINTO CABRERA,DIVERSIFICADO,PRIVADO,RURAL,ABIERTA,MONOLINGÜE,VESPERTINA,DIARIO(REGULAR),IZABAL
18-04-0389-46,18-033,IZABAL,MORALES,INSTITUTO PRIVADO MIXTO EL MAESTRO AMIGO,ALDEA RIO NEGRO,40465929,MARTA JULIA OVANDO SALGUERO,DARWIN ENRIQUE ALVAREZ MORAN,DIVERSIFICADO,PRIVADO,RURAL,ABIERTA,MONOLINGÜE,DOBLE,FIN DE SEMANA,IZABAL
18-04-0390-46,18-033,IZABAL,MORALES,INSTITUTO PARTICULAR MIXTO RAFAEL AREVALO MARTINEZ,CALLE TULIO MARUZO,40911181,MARTA JULIA OVANDO SALGUERO,RENE BARRIENTOS BARRERA,DIVERSIFICADO,PRIVADO,URBANA,ABIERTA,MONOLINGÜE,DOBLE,FIN DE SEMANA,IZABAL
18-04-0395-46,18-033,IZABAL,MORALES,INSTITUTO EVANGELICO PARTICULAR MIXTO BAUTISTA,BARRIO EL CARRIZAL,79477790,MARTA JULIA OVANDO SALGUERO,DAVID RAFAEL CASTILLO DE PAZ,DIVERSIFICADO,PRIVADO,URBANA,ABIERTA,MONOLINGÜE,VESPERTINA,DIARIO(REGULAR),IZABAL
18-04-0397-46,18-033,IZABAL,MORALES,INED,ALDEA JUYAMA,40118887,MARTA JULIA OVANDO SALGUERO,ADOLFO BENEDICTO GARCIA OVANDO,DIVERSIFICADO,OFICIAL,RURAL,ABIERTA,MONOLINGÜE,NOCTURNA,DIARIO(REGULAR),IZABAL
18-04-0400-46,18-033,IZABAL,MORALES,COLEGIO PRIVADO MIXTO JIREH,"COLONIA VILLA DEL ROSARIO, BANANERA",58007990,MARTA JULIA OVANDO SALGUERO,EDGAR ROLANDO MORALES DE PAZ,DIVERSIFICADO,PRIVADO,URBANA,ABIERTA,MONOLINGÜE,MATUTINA,DIARIO(REGULAR),IZABAL
18-04-0404-46,18-033,IZABAL,MORALES,INSTITUTO NACIÓNAL DE EDUCACIÓN DIVERSIFICADA,CALLE TULIO MARUZZO,79478590,MARTA JULIA OVANDO SALGUERO,GLENDA MARIBEL VASQUEZ ENAMORADO DE CORDON,DIVERSIFICADO,OFICIAL,URBANA,ABIERTA,MONOLINGÜE,NOCTURNA,DIARIO(REGULAR),IZABAL
18-04-0405-46,18-033,IZABAL,MORALES,COLEGIO PRIVADO MIXTO JIREH,"COLONIA VILLA DEL ROSARIO, BANANERA",40984392,MARTA JULIA OVANDO SALGUERO,KARLA MARITZA GARCIA HERNANDEZ,DIVERSIFICADO,PRIVADO,URBANA,ABIERTA,MONOLINGÜE,DOBLE,FIN DE SEMANA,IZABAL
18-04-0411-46,18-033,IZABAL,MORALES,INSTITUTO PRIVADO MIXTO FUENTE DE VIDA,ALDEA PLAYITAS,55969273,MARTA JULIA OVANDO SALGUERO,KARLA MARISOL PIVAL PEREZ DE GALVEZ,DIVERSIFICADO,PRIVADO,RURAL,ABIERTA,MONOLINGÜE,DOBLE,FIN DE SEMANA,IZABAL
18-04-0414-46,18-033,IZABAL,MORALES,LICEO EUCARISTICO DE LA MERCED,COLONIA VALLE REAL,77566525,MARTA JULIA OVANDO SALGUERO,ANA MARLENE MARTINEZ FLORES,DIVERSIFICADO,PRIVADO,URBANA,ABIERTA,MONOLINGÜE,MATUTINA,DIARIO(REGULAR),IZABAL
18-04-0415-46,18-033,IZABAL,MORALES,LICEO EUCARISTICO DE LA MERCED,COLONIA VALLE REAL,7947940777566525,MARTA JULIA OVANDO SALGUERO,ANA MARLENE MARTINEZ FLORES,DIVERSIFICADO,PRIVADO,URBANA,ABIERTA,MONOLINGÜE,VESPERTINA,DIARIO(REGULAR),IZABAL
18-04-0422-46,18-033,IZABAL,MORALES,INSTITUTO PRIVADO MIXTO CRISTO REY,ALDEA EL CEDRO,55969273,MARTA JULIA OVANDO SALGUERO,ORVIN RODIMIR GALVEZ MONROY,DIVERSIFICADO,PRIVADO,RURAL,ABIERTA,MONOLINGÜE,DOBLE,FIN DE SEMANA,IZABAL
18-04-0425-46,18-033,IZABAL,MORALES,INSTITUTO PRIVADO MIXTO ELITE,BARRIO EL MITCHAL,56968070,MARTA JULIA OVANDO SALGUERO,AMED BENJAMIN ROSSILL BARRIENTOS,DIVERSIFICADO,PRIVADO,URBANA,ABIERTA,MONOLINGÜE,MATUTINA,DIARIO(REGULAR),IZABAL
18-04-0429-46,18-033,IZABAL,MORALES,INSTITUTO PARTICULAR MIXTO GÉNESIS,BARRIO EL MITCHAL,49165611,MARTA JULIA OVANDO SALGUERO,NUBAR ENID MOLINEROS ORTEGA,DIVERSIFICADO,PRIVADO,URBANA,ABIERTA,MONOLINGÜE,DOBLE,FIN DE SEMANA,IZABAL
18-04-0434-46,18-033,IZABAL,MORALES,INSTITUTO PRIVADO MIXTO SAN JOSE,ALDEA RIO NEGRO,53591094,MARTA JULIA OVANDO SALGUERO,MARVIN OTTONIEL CARDONA RECINOS,DIVERSIFICADO,PRIVADO,RURAL,ABIERTA,MONOLINGÜE,DOBLE,FIN DE SEMANA,IZABAL
18-04-0435-46,18-033,IZABAL,MORALES,INSTITUTO PRIVADO SAN JOSE,ALDEA RIO NEGRO,53591094,MARTA JULIA OVANDO SALGUERO,MARVIN OTTONIEL CARDONA RECINOS,DIVERSIFICADO,PRIVADO,RURAL,ABIERTA,MONOLINGÜE,DOBLE,FIN DE SEMANA,IZABAL
18-04-0441-46,18-033,IZABAL,MORALES,INSTITUTO PRIVADO MIXTO DEJANDO HUELLA,ALDEA LOS CERRITOS,47401633,MARTA JULIA OVANDO SALGUERO,ADONIA MARISOL LOPEZ GUERRA,DIVERSIFICADO,PRIVADO,RURAL,ABIERTA,MONOLINGÜE,DOBLE,FIN DE SEMANA,IZABAL
18-04-0446-46,18-033,IZABAL,MORALES,INSTITUTO PRIVADO MIXTO JOSE CECILIO DEL VALLE,ALDEA PLAYITAS,31826809,MARTA JULIA OVANDO SALGUERO,VICTOR MANUEL BONILLA MARROQUIN,DIVERSIFICADO,PRIVADO,RURAL,ABIERTA,MONOLINGÜE,VESPERTINA,DIARIO(REGULAR),IZABAL
18-04-0448-46,18-033,IZABAL,MORALES,INSTITUTO PARTICULAR DE EDUCACIÓN BASICA Y DIVERSIFICADA DR. PEDRO MOLINA,BARRIO EL CARRIZAL,79477890,MARTA JULIA OVANDO SALGUERO,MIRIAM YOLANDA MORALES DE GUZMAN,DIVERSIFICADO,PRIVADO,URBANA,ABIERTA,MONOLINGÜE,DOBLE,FIN DE SEMANA,IZABAL
18-04-2302-46,18-033,IZABAL,MORALES,INSTITUTO PARTICULAR MIXTO,ALDEA GRAN CAÑON,,MARTA JULIA OVANDO SALGUERO,,DIVERSIFICADO,PRIVADO,RURAL,CERRADA TEMPORALMENTE,MONOLINGÜE,VESPERTINA,DIARIO(REGULAR),IZABAL
18-04-2433-46,18-033,IZABAL,MORALES,CENTRO EDUCATIVO BILINGÜE DEL MONTE,FINCA BANANERA,79201120,MARTA JULIA OVANDO SALGUERO,,DIVERSIFICADO,PRIVADO,URBANA,ABIERTA,MONOLINGÜE,DOBLE,DIARIO(REGULAR),IZABAL
18-04-2442-46,18-033,IZABAL,MORALES,INSTITUTO PARTICULAR MIXTO DE EDUCACIÓN BASICA Y DIVERSIFICADA ADS. A COLEGIO BILINGÜE MUNDO INFANTIL,BARRIO NUEVO,79476823,MARTA JULIA OVANDO SALGUERO,SANDRA NINETH GARCIA SANDOVAL,DIVERSIFICADO,PRIVADO,URBANA,ABIERTA,MONOLINGÜE,MATUTINA,DIARIO(REGULAR),IZABAL
18-04-2444-46,18-033,IZABAL,MORALES,INSTITUTO PARTICULAR MIXTO DE EDUCACIÓN DIVERSIFICADA PEDRO MOLINA,ALDEA ARAPAHOE,,MARTA JULIA OVANDO SALGUERO,,DIVERSIFICADO,PRIVADO,RURAL,ABIERTA,MONOLINGÜE,NOCTURNA,DIARIO(REGULAR),IZABAL
18-04-2526-46,18-033,IZABAL,MORALES,COLEGIO PRIVADO MIXTO BILINGÜE A B C SAN FRANCISCO,BARRIO EL MITCHAL,79478650,MARTA JULIA OVANDO SALGUERO,SERGIO DE PAZ FRANCO,DIVERSIFICADO,PRIVADO,URBANA,ABIERTA,MONOLINGÜE,VESPERTINA,DIARIO(REGULAR),IZABAL
18-04-2838-46,18-033,IZABAL,MORALES,INSTITUTO TECNICO MORALENSE ITM,LOTIFICACIÓN SANTA BARBARA,55143008,MARTA JULIA OVANDO SALGUERO,,DIVERSIFICADO,MUNICIPAL,URBANA,ABIERTA,MONOLINGÜE,DOBLE,DIARIO(REGULAR),IZABAL
18-04-3028-46,18-033,IZABAL,MORALES,INSTITUTO PARTICULAR MIXTO RAFAEL AREVALO MARTINEZ,CALLE MARCO TULIO MARUZZO,,MARTA JULIA OVANDO SALGUERO,RENE BARRIENTOS BARRERA,DIVERSIFICADO,PRIVADO,URBANA,ABIERTA,MONOLINGÜE,NOCTURNA,DIARIO(REGULAR),IZABAL
18-04-3060-46,18-033,IZABAL,MORALES,INSTITUTO PRIVADO MIXTO DE SUPERACIÓN INTEGRAL EXCELENCIA,BARRIO EL MITCHAL,79476165,MARTA JULIA OVANDO SALGUERO,,DIVERSIFICADO,PRIVADO,URBANA,ABIERTA,MONOLINGÜE,DOBLE,FIN DE SEMANA,IZABAL
18-04-3201-46,18-033,IZABAL,MORALES,COLEGIO PRIVADO MAYA,BARRIO MODERNO,79477132,MARTA JULIA OVANDO SALGUERO,,DIVERSIFICADO,PRIVADO,URBANA,CERRADA TEMPORALMENTE,MONOLINGÜE,VESPERTINA,DIARIO(REGULAR),IZABAL
18-04-3275-46,18-033,IZABAL,MORALES,INSTITUTO PARTICULAR MIXTO DE EDUCACIÓN BASICA Y DIVERSIFICADA DR. PEDRO MOLINA,BARRIO EL CARRIZAL,7947789079477891,MARTA JULIA OVANDO SALGUERO,MIRIAM YOLANDA MORALES GALVEZ DE GUZMAN,DIVERSIFICADO,PRIVADO,URBANA,ABIERTA,MONOLINGÜE,MATUTINA,DIARIO(REGULAR),IZABAL
18-05-0032-46,18-022,IZABAL,LOS AMATES,INSTITUTO NACIÓNAL DE EDUCACIÓN DIVERSIFICADA P.C. MARCO TULIO RAMIREZ ESTRADA,LOS AMATES,57600359,ALCIRA JAKELYNE DUBON GONZALEZ,MIRZA BERLI SAGASTUME GARCÍA,DIVERSIFICADO,OFICIAL,RURAL,ABIERTA,MONOLINGÜE,VESPERTINA,DIARIO(REGULAR),IZABAL
18-05-0033-46,18-025,IZABAL,LOS AMATES,INSTITUTO NACIÓNAL DE EDUCACIÓN DIVERSIFICADA,ALDEA MARISCOS,47472455,ERWIN ARDANI BARRERA PALMA,HENRY EDILBERTO LEONARDO MARTINEZ,DIVERSIFICADO,OFICIAL,RURAL,ABIERTA,MONOLINGÜE,VESPERTINA,DIARIO(REGULAR),IZABAL
18-05-0083-46,18-024,IZABAL,LOS AMATES,CENTRO EDUCATIVO MAYA,"COLONIA SANTA MARTA, BARRIO EL POZON",79479163,KARLA JULISSA GARCIA LEMUS DE MIRANDA,HECTOR REYNALDO GOMEZ AGUILAR,DIVERSIFICADO,PRIVADO,URBANA,ABIERTA,MONOLINGÜE,DOBLE,FIN DE SEMANA,IZABAL
18-05-0084-46,18-024,IZABAL,LOS AMATES,CENTRO EDUCATIVO MAYA,"COLONIA SANTA MARTA, BARRIO EL POZON",79479163,KARLA JULISSA GARCIA LEMUS DE MIRANDA,HECTOR REYNALDO GOMEZ AGUILAR,DIVERSIFICADO,PRIVADO,URBANA,ABIERTA,MONOLINGÜE,VESPERTINA,DIARIO(REGULAR),IZABAL
18-05-0090-46,18-032,IZABAL,LOS AMATES,INSTITUTO PARTICULAR MIXTO DE EDUCACIÓN BASICA AMILCAR SAGASTUME RAMIREZ,FINCA CHOCTAW,,BLANCA DINA RIVAS LOYO DE SANTIAGO,SERGIO OTTONIEL FLORES MANSILLA,DIVERSIFICADO,PRIVADO,RURAL,CERRADA TEMPORALMENTE,MONOLINGÜE,DOBLE,FIN DE SEMANA,IZABAL
18-05-0094-46,18-024,IZABAL,LOS AMATES,LICEO PRIVADO MIXTO TINAMITH MANUEL COLOM ARGUETA,ALDEA QUIRIGUA,79342445,KARLA JULISSA GARCIA LEMUS DE MIRANDA,GERSON OBED FUENTES PEREZ,DIVERSIFICADO,PRIVADO,RURAL,ABIERTA,MONOLINGÜE,MATUTINA,DIARIO(REGULAR),IZABAL
18-05-0103-46,18-024,IZABAL,LOS AMATES,COLEGIO ENRIQUE ESTRADA SANDOVAL,"COLONIA SANTA MARTA, BARRIO EL POZON",79473813,KARLA JULISSA GARCIA LEMUS DE MIRANDA,JULIO DAVID CROSS CARDONA,DIVERSIFICADO,PRIVADO,URBANA,ABIERTA,MONOLINGÜE,VESPERTINA,DIARIO(REGULAR),IZABAL
18-05-0104-46,18-024,IZABAL,LOS AMATES,COLEGIO EVANGELICO PRIVADO MIXTO HOREB JULIO GONZALEZ,CALLE 15 DE SEPTIEMBRE,79473173,KARLA JULISSA GARCIA LEMUS DE MIRANDA,BRENDA ROXANA AYALA MORENTE,DIVERSIFICADO,PRIVADO,URBANA,ABIERTA,MONOLINGÜE,VESPERTINA,DIARIO(REGULAR),IZABAL
18-05-0105-46,18-024,IZABAL,LOS AMATES,COLEGIO J. HARVARD,BARRIO EL INSTITUTO,57022244,KARLA JULISSA GARCIA LEMUS DE MIRANDA,EDITA SELENA ORTEGA MANCHAME,DIVERSIFICADO,PRIVADO,URBANA,ABIERTA,MONOLINGÜE,DOBLE,FIN DE SEMANA,IZABAL
18-05-0107-46,18-024,IZABAL,LOS AMATES,COLEGIO EVANGELICO PRIVADO MIXTO HOREB JULIO GONZALEZ,CALLE 15 DE SEPTIEMBRE,79473173,KARLA JULISSA GARCIA LEMUS DE MIRANDA,BRENDA ROXANA AYALA MORENTE,DIVERSIFICADO,PRIVADO,URBANA,ABIERTA,MONOLINGÜE,DOBLE,DIARIO(REGULAR),IZABAL
18-05-0111-46,18-024,IZABAL,LOS AMATES,COLEGIO PRIVADO LIC. DAVID VELA,KM 200 AL ATLANTICO,79473116,KARLA JULISSA GARCIA LEMUS DE MIRANDA,HECTOR ENRIQUE ZUÑIGA ORELLANA,DIVERSIFICADO,PRIVADO,URBANA,ABIERTA,MONOLINGÜE,VESPERTINA,DIARIO(REGULAR),IZABAL
18-05-0124-46,18-024,IZABAL,LOS AMATES,LICEO PRIVADO MIXTO HAMA LIC. HOLCAR ALEXANDER MORALES ARROYO,"BARRIO TOLTEC, ALDEA QUIRIGUA",79342445,KARLA JULISSA GARCIA LEMUS DE MIRANDA,GERSON OBED FUENTES PEREZ,DIVERSIFICADO,PRIVADO,RURAL,ABIERTA,MONOLINGÜE,DOBLE,FIN DE SEMANA,IZABAL
18-05-0126-46,18-024,IZABAL,LOS AMATES,LICEO PRIVADO MIXTO HAMA LIC. HOLCAR ALEXANDER MORALES ARROYO,"BARRIO TOLTEC, ALDEA QUIRIGUA",79342442,KARLA JULISSA GARCIA LEMUS DE MIRANDA,GERSON OBED FUENTES PEREZ,DIVERSIFICADO,PRIVADO,RURAL,ABIERTA,MONOLINGÜE,MATUTINA,DIARIO(REGULAR),IZABAL
18-05-0129-46,18-025,IZABAL,LOS AMATES,INSTITUTO NACIÓNAL DE EDUCACIÓN DIVERSIFICADA PUENTE,ALDEA PUNTA BRAVA,44900790,ERWIN ARDANI BARRERA PALMA,COSMEN ENRIQUE SANCHEZ CAC,DIVERSIFICADO,OFICIAL,RURAL,ABIERTA,MONOLINGÜE,MATUTINA,DIARIO(REGULAR),IZABAL
18-05-0482-46,18-024,IZABAL,LOS AMATES,ESCUELA NACIÓNAL DE CIENCIAS COMERCIALES PROFESOR OSCAR JAMES DUQUE,"COLONIA SANTA MARTA, BARRIO EL POZON",79473697,KARLA JULISSA GARCIA LEMUS DE MIRANDA,HECTOR REYNALDO GOMEZ AGUILAR,DIVERSIFICADO,OFICIAL,URBANA,ABIERTA,MONOLINGÜE,MATUTINA,DIARIO(REGULAR),IZABAL
18-05-0483-46,18-024,IZABAL,LOS AMATES,ESCUELA PARTICULAR MIXTA LICENCIADO DAVID VELA,LOS AMATES,79479085,KARLA JULISSA GARCIA LEMUS DE MIRANDA,ZONIA NINETH ORELLANA DE ZUÑIGA,DIVERSIFICADO,PRIVADO,URBANA,CERRADA TEMPORALMENTE,MONOLINGÜE,VESPERTINA,DIARIO(REGULAR),IZABAL
18-05-0589-46,18-024,IZABAL,LOS AMATES,ESCUELA PARTICULAR MIXTA LICENCIADO DAVID VELA,KM. 200 RUTA AL ATLANTICO,79473116,KARLA JULISSA GARCIA LEMUS DE MIRANDA,HECTOR ENRIQUE ZUÑIGA ORELLANA,DIVERSIFICADO,PRIVADO,URBANA,ABIERTA,MONOLINGÜE,DOBLE,FIN DE SEMANA,IZABAL
18-05-1979-46,18-024,IZABAL,LOS AMATES,INSTITUTO PRIVADO MIXTO DE EDUCACIÓN DIVERSIFICADA NUEVOS HORIZONTES,KM 200 AL ATLANTICO,56101058,KARLA JULISSA GARCIA LEMUS DE MIRANDA,CESAR AUGUSTO ZUÑIGA LEON,DIVERSIFICADO,PRIVADO,URBANA,CERRADA TEMPORALMENTE,MONOLINGÜE,MATUTINA,DIARIO(REGULAR),IZABAL
18-05-1982-46,18-024,IZABAL,LOS AMATES,COLEGIO J. HARVARD,KILOMETRO 201 LOS AMATES IZABAL,57022244,KARLA JULISSA GARCIA LEMUS DE MIRANDA,EDITA SELENA ORTEGA MANCHAME,DIVERSIFICADO,PRIVADO,URBANA,ABIERTA,MONOLINGÜE,VESPERTINA,DIARIO(REGULAR),IZABAL
18-05-2837-46,18-024,IZABAL,LOS AMATES,INSTITUTO DE ADIESTRAMIENTO DE PERSONAL DE SALUD DR. ALBERTO VIAU DAVILA,ALDEA QUIRIGUA,79480009,KARLA JULISSA GARCIA LEMUS DE MIRANDA,MAVEL LILIANA QUINTANA FLORES DE GARCIA,DIVERSIFICADO,OFICIAL,RURAL,CERRADA TEMPORALMENTE,MONOLINGÜE,DOBLE,DIARIO(REGULAR),IZABAL
18-05-3059-46,18-024,IZABAL,LOS AMATES,INSTITUTO DE FORMACIÓN BASICA Y PROFESIONAL ENRIQUE ESTRADA SANDOVAL,"COLONIA SANTA MARTA, BARRIO EL POZON",79473813,KARLA JULISSA GARCIA LEMUS DE MIRANDA,GLADIS MARIVEL OCHOA RUIZ DE GONZALEZ,DIVERSIFICADO,PRIVADO,URBANA,ABIERTA,MONOLINGÜE,VESPERTINA,DIARIO(REGULAR),IZABAL
